version 1
nodes
0 "root" -1
end
skeleton
time 0
0 0 0 0 0 0 0
end
triangles
front
0  -0.028208 0.982258 -0.180133  0.000000 0.995185 -0.098018  0.012327 0.410567 0
0  -0.048148 0.998527 -0.014957  0.000000 0.995185 -0.098018  0.004250 0.492574 0
0  -0.028208 0.998527 -0.014957  0.000000 0.995185 -0.098018  0.004250 0.492574 0
front
0  -0.028207 0.916795 0.395939  0.000000 0.881921 0.471397  0.044829 0.696576 0
0  -0.048148 0.838555 0.542315  0.000000 0.881921 0.471397  0.083674 0.769249 0
0  -0.028207 0.838555 0.542315  0.000000 0.881921 0.471397  0.083674 0.769249 0
front
0  -0.028207 0.821935 0.567188  0.000000 0.773010 0.634393  0.091925 0.781598 0
0  -0.048148 0.716642 0.695489  0.000000 0.773010 0.634393  0.144201 0.845297 0
0  -0.028207 0.716642 0.695489  0.000000 0.773010 0.634393  0.144201 0.845297 0
front
0  -0.028207 0.695489 0.716642  0.000000 0.634394 0.773010  0.154703 0.855799 0
0  -0.048148 0.567188 0.821935  0.000000 0.634394 0.773010  0.218402 0.908075 0
0  -0.028207 0.567188 0.821935  0.000000 0.634394 0.773010  0.218402 0.908075 0
front
0  -0.028207 0.542315 0.838555  0.000000 0.471397 0.881921  0.230751 0.916326 0
0  -0.048148 0.395939 0.916795  0.000000 0.471397 0.881921  0.303424 0.955171 0
0  -0.028207 0.395939 0.916795  0.000000 0.471397 0.881921  0.303424 0.955171 0
front
0  -0.028207 0.368301 0.928242  0.000000 0.290284 0.956940  0.317146 0.960855 0
0  -0.048148 0.209473 0.976422  0.000000 0.290284 0.956940  0.396001 0.984775 0
0  -0.028207 0.209473 0.976422  0.000000 0.290284 0.956940  0.396001 0.984775 0
front
0  -0.028207 0.180133 0.982258  -0.000001 0.098017 0.995185  0.410567 0.987673 0
0  -0.048148 0.014957 0.998527  -0.000001 0.098017 0.995185  0.492574 0.995750 0
0  -0.028207 0.014957 0.998527  -0.000001 0.098017 0.995185  0.492574 0.995750 0
front
0  -0.028207 -0.014957 0.998527  0.000000 -0.098017 0.995185  0.507426 0.995750 0
0  -0.048148 -0.180133 0.982258  0.000000 -0.098017 0.995185  0.589432 0.987673 0
0  -0.028207 -0.180133 0.982258  0.000000 -0.098017 0.995185  0.589432 0.987673 0
front
0  -0.028207 -0.209473 0.976422  0.000000 -0.290285 0.956940  0.603999 0.984775 0
0  -0.048148 -0.368301 0.928242  0.000000 -0.290285 0.956940  0.682854 0.960855 0
0  -0.028207 -0.368301 0.928242  0.000000 -0.290285 0.956940  0.682854 0.960855 0
front
0  -0.028207 -0.395939 0.916795  0.000000 -0.471397 0.881921  0.696576 0.955171 0
0  -0.048148 -0.542315 0.838555  0.000000 -0.471397 0.881921  0.769249 0.916326 0
0  -0.028207 -0.542315 0.838555  0.000000 -0.471397 0.881921  0.769249 0.916326 0
front
0  -0.028207 -0.567188 0.821935  0.000000 -0.634393 0.773010  0.781598 0.908075 0
0  -0.048148 -0.695489 0.716642  0.000000 -0.634393 0.773010  0.845297 0.855799 0
0  -0.028207 -0.695489 0.716642  0.000000 -0.634393 0.773010  0.845297 0.855799 0
front
0  -0.028207 -0.716642 0.695489  0.000000 -0.773010 0.634394  0.855799 0.845297 0
0  -0.048148 -0.821935 0.567188  0.000000 -0.773010 0.634394  0.908075 0.781598 0
0  -0.028207 -0.821935 0.567188  0.000000 -0.773010 0.634394  0.908075 0.781598 0
front
0  -0.028207 -0.838555 0.542315  0.000000 -0.881921 0.471397  0.916326 0.769249 0
0  -0.048148 -0.916795 0.395939  0.000000 -0.881921 0.471397  0.955171 0.696576 0
0  -0.028207 -0.916795 0.395939  0.000000 -0.881921 0.471397  0.955171 0.696576 0
front
0  -0.028207 -0.928242 0.368301  0.000000 -0.956940 0.290285  0.960855 0.682854 0
0  -0.048148 -0.976422 0.209473  0.000000 -0.956940 0.290285  0.984775 0.603999 0
0  -0.028207 -0.976422 0.209473  0.000000 -0.956940 0.290285  0.984775 0.603999 0
front
0  -0.028207 -0.982258 0.180133  0.000000 -0.995185 0.098018  0.987673 0.589432 0
0  -0.048148 -0.998527 0.014957  0.000000 -0.995185 0.098018  0.995750 0.507426 0
0  -0.028208 -0.998527 0.014957  0.000000 -0.995185 0.098018  0.995750 0.507426 0
front
0  -0.028208 -0.998527 -0.014957  0.000000 -0.995185 -0.098017  0.995750 0.492574 0
0  -0.048148 -0.982258 -0.180133  0.000000 -0.995185 -0.098017  0.987673 0.410567 0
0  -0.028208 -0.982258 -0.180133  0.000000 -0.995185 -0.098017  0.987673 0.410567 0
front
0  -0.028208 -0.976422 -0.209473  0.000000 -0.956941 -0.290284  0.984775 0.396001 0
0  -0.048148 -0.928242 -0.368301  0.000000 -0.956941 -0.290284  0.960855 0.317146 0
0  -0.028208 -0.928242 -0.368301  0.000000 -0.956941 -0.290284  0.960855 0.317146 0
front
0  -0.028208 -0.916795 -0.395939  0.000000 -0.881921 -0.471397  0.955171 0.303424 0
0  -0.048148 -0.838555 -0.542315  0.000000 -0.881921 -0.471397  0.916326 0.230751 0
0  -0.028208 -0.838555 -0.542315  0.000000 -0.881921 -0.471397  0.916326 0.230751 0
front
0  -0.028208 -0.821935 -0.567188  0.000000 -0.773010 -0.634394  0.908075 0.218402 0
0  -0.048148 -0.716642 -0.695489  0.000000 -0.773010 -0.634394  0.855799 0.154703 0
0  -0.028208 -0.716642 -0.695489  0.000000 -0.773010 -0.634394  0.855799 0.154703 0
front
0  -0.028208 -0.695489 -0.716642  0.000000 -0.634394 -0.773010  0.845297 0.144201 0
0  -0.048148 -0.567188 -0.821935  0.000000 -0.634394 -0.773010  0.781598 0.091925 0
0  -0.028208 -0.567188 -0.821935  0.000000 -0.634394 -0.773010  0.781598 0.091925 0
front
0  -0.028208 -0.542315 -0.838555  0.000000 -0.471397 -0.881921  0.769249 0.083674 0
0  -0.048148 -0.395939 -0.916795  0.000000 -0.471397 -0.881921  0.696576 0.044829 0
0  -0.028208 -0.395939 -0.916795  0.000000 -0.471397 -0.881921  0.696576 0.044829 0
front
0  -0.028208 -0.368301 -0.928242  0.000000 -0.290284 -0.956940  0.682854 0.039145 0
0  -0.048148 -0.209473 -0.976422  0.000000 -0.290284 -0.956940  0.603999 0.015225 0
0  -0.028208 -0.209473 -0.976422  0.000000 -0.290284 -0.956940  0.603999 0.015225 0
front
0  -0.028208 -0.180133 -0.982258  -0.000001 -0.098017 -0.995185  0.589432 0.012327 0
0  -0.048148 -0.014957 -0.998527  -0.000001 -0.098017 -0.995185  0.507426 0.004250 0
0  -0.028208 -0.014957 -0.998527  -0.000001 -0.098017 -0.995185  0.507426 0.004250 0
front
0  -0.028208 0.014957 -0.998527  0.000000 0.098017 -0.995185  0.492574 0.004250 0
0  -0.048148 0.180133 -0.982258  0.000000 0.098017 -0.995185  0.410567 0.012327 0
0  -0.028208 0.180133 -0.982258  0.000000 0.098017 -0.995185  0.410567 0.012327 0
front
0  -0.028208 0.209473 -0.976422  0.000000 0.290284 -0.956940  0.396001 0.015225 0
0  -0.048148 0.368301 -0.928242  0.000000 0.290284 -0.956940  0.317146 0.039145 0
0  -0.028208 0.368301 -0.928242  0.000000 0.290284 -0.956940  0.317146 0.039145 0
front
0  -0.028208 0.395939 -0.916795  0.000000 0.471397 -0.881921  0.303424 0.044829 0
0  -0.048148 0.542315 -0.838555  0.000000 0.471397 -0.881921  0.230751 0.083674 0
0  -0.028208 0.542315 -0.838555  0.000000 0.471397 -0.881921  0.230751 0.083674 0
front
0  -0.028208 0.567188 -0.821935  0.000000 0.634393 -0.773011  0.218402 0.091925 0
0  -0.048148 0.695489 -0.716642  0.000000 0.634393 -0.773011  0.154703 0.144201 0
0  -0.028208 0.695489 -0.716642  0.000000 0.634393 -0.773011  0.154703 0.144201 0
front
0  -0.028208 0.716642 -0.695489  0.000000 0.773010 -0.634394  0.144201 0.154703 0
0  -0.048148 0.821935 -0.567188  0.000000 0.773010 -0.634394  0.091925 0.218402 0
0  -0.028208 0.821935 -0.567188  0.000000 0.773010 -0.634394  0.091925 0.218402 0
front
0  -0.028208 0.838555 -0.542315  0.000000 0.881921 -0.471397  0.083674 0.230751 0
0  -0.048148 0.916795 -0.395939  0.000000 0.881921 -0.471397  0.044829 0.303424 0
0  -0.028208 0.916795 -0.395939  0.000000 0.881921 -0.471397  0.044829 0.303424 0
front
0  -0.028208 0.928242 -0.368301  0.000000 0.956941 -0.290284  0.039145 0.317146 0
0  -0.048148 0.976422 -0.209473  0.000000 0.956941 -0.290284  0.015225 0.396001 0
0  -0.028208 0.976422 -0.209473  0.000000 0.956941 -0.290284  0.015225 0.396001 0
front
0  -0.028207 0.976422 0.209473  0.000000 0.956940 0.290285  0.015225 0.603999 0
0  -0.048148 0.928242 0.368301  0.000000 0.956940 0.290285  0.039145 0.682854 0
0  -0.028207 0.928242 0.368301  0.000000 0.956940 0.290285  0.039145 0.682854 0
front
0  -0.063178 -0.909927 -0.376904  -1.000000 -0.000000 0.000000  0.951761 0.312874 0
0  -0.063178 -0.376904 0.909927  -1.000000 -0.000000 0.000000  0.687126 0.951761 0
0  -0.063178 0.909927 0.376904  -1.000000 -0.000000 0.000000  0.048239 0.687126 0
front
0  -0.028208 0.998527 0.014957  0.000000 0.995185 0.098017  0.004250 0.507426 0
0  -0.048148 0.982258 0.180133  0.000000 0.995185 0.098017  0.012327 0.589432 0
0  -0.028207 0.982258 0.180133  0.000000 0.995185 0.098017  0.012327 0.589432 0
front
0  -0.013178 0.984897 -0.000000  0.671752 0.740776 0.000000  0.011017 0.500000 0
0  -0.028208 0.998527 -0.014957  0.671752 0.740776 0.000000  0.004250 0.492574 0
0  -0.028208 0.998527 0.014957  0.671752 0.740776 0.000000  0.004250 0.507426 0
front
0  -0.063178 0.984897 0.000000  -0.671752 0.740776 0.000000  0.011017 0.500000 0
0  -0.048148 0.998527 0.014957  -0.671752 0.740776 0.000000  0.004250 0.507426 0
0  -0.048148 0.998527 -0.014957  -0.671752 0.740776 0.000000  0.004250 0.492574 0
front
0  -0.013178 0.965973 0.192144  0.671752 0.726542 0.144519  0.020413 0.595396 0
0  -0.028207 0.982258 0.180133  0.671752 0.726542 0.144519  0.012327 0.589432 0
0  -0.028207 0.976422 0.209473  0.671752 0.726542 0.144519  0.015225 0.603999 0
front
0  -0.063178 0.965973 0.192144  -0.671752 0.726542 0.144519  0.020413 0.595396 0
0  -0.048148 0.976422 0.209473  -0.671752 0.726542 0.144519  0.015225 0.603999 0
0  -0.048148 0.982258 0.180133  -0.671752 0.726542 0.144519  0.012327 0.589432 0
front
0  -0.013178 0.909927 0.376904  0.671751 0.684388 0.283485  0.048239 0.687126 0
0  -0.028207 0.928242 0.368301  0.671751 0.684388 0.283485  0.039145 0.682854 0
0  -0.028207 0.916795 0.395939  0.671751 0.684388 0.283485  0.044829 0.696576 0
front
0  -0.063178 0.909927 0.376904  -0.671752 0.684388 0.283484  0.048239 0.687126 0
0  -0.048148 0.916795 0.395939  -0.671752 0.684388 0.283484  0.044829 0.696576 0
0  -0.048148 0.928242 0.368301  -0.671752 0.684388 0.283484  0.039145 0.682854 0
front
0  -0.013178 0.818912 0.547180  0.671751 0.615933 0.411555  0.093426 0.771664 0
0  -0.028207 0.838555 0.542315  0.671751 0.615933 0.411555  0.083674 0.769249 0
0  -0.028207 0.821935 0.567188  0.671751 0.615933 0.411555  0.091925 0.781598 0
front
0  -0.063178 0.818912 0.547180  -0.671751 0.615933 0.411555  0.093426 0.771664 0
0  -0.048148 0.821935 0.567188  -0.671751 0.615933 0.411555  0.091925 0.781598 0
0  -0.048148 0.838555 0.542315  -0.671751 0.615933 0.411555  0.083674 0.769249 0
front
0  -0.013178 0.696428 0.696428  0.671751 0.523808 0.523809  0.154237 0.845763 0
0  -0.028207 0.716642 0.695489  0.671751 0.523808 0.523809  0.144201 0.845297 0
0  -0.028207 0.695489 0.716642  0.671751 0.523808 0.523809  0.154703 0.855799 0
front
0  -0.063178 0.696428 0.696428  -0.671751 0.523807 0.523810  0.154237 0.845763 0
0  -0.048148 0.695489 0.716642  -0.671751 0.523807 0.523810  0.154703 0.855799 0
0  -0.048148 0.716642 0.695489  -0.671751 0.523807 0.523810  0.144201 0.845297 0
front
0  -0.013178 0.547180 0.818912  0.671749 0.411555 0.615935  0.228336 0.906574 0
0  -0.028207 0.567188 0.821935  0.671749 0.411555 0.615935  0.218402 0.908075 0
0  -0.028207 0.542315 0.838555  0.671749 0.411555 0.615935  0.230751 0.916326 0
front
0  -0.063178 0.547180 0.818912  -0.671749 0.411554 0.615935  0.228336 0.906574 0
0  -0.048148 0.542315 0.838555  -0.671749 0.411554 0.615935  0.230751 0.916326 0
0  -0.048148 0.567188 0.821935  -0.671749 0.411554 0.615935  0.218402 0.908075 0
front
0  -0.013178 0.376904 0.909927  0.671756 0.283482 0.684384  0.312874 0.951761 0
0  -0.028207 0.395939 0.916795  0.671756 0.283482 0.684384  0.303424 0.955171 0
0  -0.028207 0.368301 0.928242  0.671756 0.283482 0.684384  0.317146 0.960855 0
front
0  -0.063178 0.376904 0.909927  -0.671756 0.283482 0.684384  0.312874 0.951761 0
0  -0.048148 0.368301 0.928242  -0.671756 0.283482 0.684384  0.317146 0.960855 0
0  -0.048148 0.395939 0.916795  -0.671756 0.283482 0.684384  0.303424 0.955171 0
front
0  -0.013178 0.192144 0.965973  0.671751 0.144519 0.726543  0.404604 0.979587 0
0  -0.028207 0.209473 0.976422  0.671751 0.144519 0.726543  0.396001 0.984775 0
0  -0.028207 0.180133 0.982258  0.671751 0.144519 0.726543  0.410567 0.987673 0
front
0  -0.063178 0.192144 0.965973  -0.671752 0.144519 0.726542  0.404604 0.979587 0
0  -0.048148 0.180133 0.982258  -0.671752 0.144519 0.726542  0.410567 0.987673 0
0  -0.048148 0.209473 0.976422  -0.671752 0.144519 0.726542  0.396001 0.984775 0
front
0  -0.013178 0.000000 0.984897  0.671752 0.000000 0.740776  0.500000 0.988983 0
0  -0.028207 0.014957 0.998527  0.671752 0.000000 0.740776  0.492574 0.995750 0
0  -0.028207 -0.014957 0.998527  0.671752 0.000000 0.740776  0.507426 0.995750 0
front
0  -0.063178 -0.000000 0.984897  -0.671752 0.000000 0.740776  0.500000 0.988983 0
0  -0.048148 -0.014957 0.998527  -0.671752 0.000000 0.740776  0.507426 0.995750 0
0  -0.048148 0.014957 0.998527  -0.671752 0.000000 0.740776  0.492574 0.995750 0
front
0  -0.013178 -0.192144 0.965973  0.671752 -0.144519 0.726542  0.595396 0.979587 0
0  -0.028207 -0.180133 0.982258  0.671752 -0.144519 0.726542  0.589432 0.987673 0
0  -0.028207 -0.209473 0.976422  0.671752 -0.144519 0.726542  0.603999 0.984775 0
front
0  -0.063178 -0.192144 0.965973  -0.671752 -0.144519 0.726542  0.595396 0.979587 0
0  -0.048148 -0.209473 0.976422  -0.671752 -0.144519 0.726542  0.603999 0.984775 0
0  -0.048148 -0.180133 0.982258  -0.671752 -0.144519 0.726542  0.589432 0.987673 0
front
0  -0.013178 -0.376904 0.909927  0.671756 -0.283482 0.684384  0.687126 0.951761 0
0  -0.028207 -0.368301 0.928242  0.671756 -0.283482 0.684384  0.682854 0.960855 0
0  -0.028207 -0.395939 0.916795  0.671756 -0.283482 0.684384  0.696576 0.955171 0
front
0  -0.063178 -0.376904 0.909927  -0.671756 -0.283482 0.684384  0.687126 0.951761 0
0  -0.048148 -0.395939 0.916795  -0.671756 -0.283482 0.684384  0.696576 0.955171 0
0  -0.048148 -0.368301 0.928242  -0.671756 -0.283482 0.684384  0.682854 0.960855 0
front
0  -0.013178 -0.547180 0.818912  0.671749 -0.411555 0.615935  0.771664 0.906574 0
0  -0.028207 -0.542315 0.838555  0.671749 -0.411555 0.615935  0.769249 0.916326 0
0  -0.028207 -0.567188 0.821935  0.671749 -0.411555 0.615935  0.781598 0.908075 0
front
0  -0.063178 -0.547180 0.818912  -0.671749 -0.411554 0.615935  0.771664 0.906574 0
0  -0.048148 -0.567188 0.821935  -0.671749 -0.411554 0.615935  0.781598 0.908075 0
0  -0.048148 -0.542315 0.838555  -0.671749 -0.411554 0.615935  0.769249 0.916326 0
front
0  -0.013178 -0.696428 0.696428  0.671751 -0.523808 0.523810  0.845763 0.845763 0
0  -0.028207 -0.695489 0.716642  0.671751 -0.523808 0.523810  0.845297 0.855799 0
0  -0.028207 -0.716642 0.695489  0.671751 -0.523808 0.523810  0.855799 0.845297 0
front
0  -0.063178 -0.696428 0.696428  -0.671752 -0.523808 0.523808  0.845763 0.845763 0
0  -0.048148 -0.716642 0.695489  -0.671752 -0.523808 0.523808  0.855799 0.845297 0
0  -0.048148 -0.695489 0.716642  -0.671752 -0.523808 0.523808  0.845297 0.855799 0
front
0  -0.013178 -0.818912 0.547180  0.671751 -0.615933 0.411554  0.906574 0.771664 0
0  -0.028207 -0.821935 0.567188  0.671751 -0.615933 0.411554  0.908075 0.781598 0
0  -0.028207 -0.838555 0.542315  0.671751 -0.615933 0.411554  0.916326 0.769249 0
front
0  -0.063178 -0.818912 0.547180  -0.671751 -0.615933 0.411555  0.906574 0.771664 0
0  -0.048148 -0.838555 0.542315  -0.671751 -0.615933 0.411555  0.916326 0.769249 0
0  -0.048148 -0.821935 0.567188  -0.671751 -0.615933 0.411555  0.908075 0.781598 0
front
0  -0.013178 -0.909927 0.376904  0.671751 -0.684388 0.283485  0.951761 0.687126 0
0  -0.028207 -0.916795 0.395939  0.671751 -0.684388 0.283485  0.955171 0.696576 0
0  -0.028207 -0.928242 0.368301  0.671751 -0.684388 0.283485  0.960855 0.682854 0
front
0  -0.063178 -0.909927 0.376904  -0.671752 -0.684388 0.283484  0.951761 0.687126 0
0  -0.048148 -0.928242 0.368301  -0.671752 -0.684388 0.283484  0.960855 0.682854 0
0  -0.048148 -0.916795 0.395939  -0.671752 -0.684388 0.283484  0.955171 0.696576 0
front
0  -0.013178 -0.965973 0.192144  0.671752 -0.726542 0.144519  0.979587 0.595396 0
0  -0.028207 -0.976422 0.209473  0.671752 -0.726542 0.144519  0.984775 0.603999 0
0  -0.028207 -0.982258 0.180133  0.671752 -0.726542 0.144519  0.987673 0.589432 0
front
0  -0.063178 -0.965973 0.192144  -0.671752 -0.726542 0.144519  0.979587 0.595396 0
0  -0.048148 -0.982258 0.180133  -0.671752 -0.726542 0.144519  0.987673 0.589432 0
0  -0.048148 -0.976422 0.209473  -0.671752 -0.726542 0.144519  0.984775 0.603999 0
front
0  -0.013178 -0.984897 -0.000000  0.671752 -0.740776 0.000000  0.988983 0.500000 0
0  -0.028208 -0.998527 0.014957  0.671752 -0.740776 0.000000  0.995750 0.507426 0
0  -0.028208 -0.998527 -0.014957  0.671752 -0.740776 0.000000  0.995750 0.492574 0
front
0  -0.063178 -0.984897 0.000000  -0.671752 -0.740776 0.000000  0.988983 0.500000 0
0  -0.048148 -0.998527 -0.014957  -0.671752 -0.740776 0.000000  0.995750 0.492574 0
0  -0.048148 -0.998527 0.014957  -0.671752 -0.740776 0.000000  0.995750 0.507426 0
front
0  -0.013178 -0.965973 -0.192144  0.671752 -0.726542 -0.144519  0.979587 0.404604 0
0  -0.028208 -0.982258 -0.180133  0.671752 -0.726542 -0.144519  0.987673 0.410567 0
0  -0.028208 -0.976422 -0.209473  0.671752 -0.726542 -0.144519  0.984775 0.396001 0
front
0  -0.063178 -0.965973 -0.192144  -0.671752 -0.726542 -0.144519  0.979587 0.404604 0
0  -0.048148 -0.976422 -0.209473  -0.671752 -0.726542 -0.144519  0.984775 0.396001 0
0  -0.048148 -0.982258 -0.180133  -0.671752 -0.726542 -0.144519  0.987673 0.410567 0
front
0  -0.013178 -0.909927 -0.376904  0.671751 -0.684388 -0.283484  0.951761 0.312874 0
0  -0.028208 -0.928242 -0.368301  0.671751 -0.684388 -0.283484  0.960855 0.317146 0
0  -0.028208 -0.916795 -0.395939  0.671751 -0.684388 -0.283484  0.955171 0.303424 0
front
0  -0.063178 -0.909927 -0.376904  -0.671752 -0.684388 -0.283482  0.951761 0.312874 0
0  -0.048148 -0.916795 -0.395939  -0.671752 -0.684388 -0.283482  0.955171 0.303424 0
0  -0.048148 -0.928242 -0.368301  -0.671752 -0.684388 -0.283482  0.960855 0.317146 0
front
0  -0.013178 -0.818912 -0.547180  0.671751 -0.615932 -0.411556  0.906574 0.228336 0
0  -0.028208 -0.838555 -0.542315  0.671751 -0.615932 -0.411556  0.916326 0.230751 0
0  -0.028208 -0.821935 -0.567188  0.671751 -0.615932 -0.411556  0.908075 0.218402 0
front
0  -0.063178 -0.818912 -0.547180  -0.671751 -0.615933 -0.411554  0.906574 0.228336 0
0  -0.048148 -0.821935 -0.567188  -0.671751 -0.615933 -0.411554  0.908075 0.218402 0
0  -0.048148 -0.838555 -0.542315  -0.671751 -0.615933 -0.411554  0.916326 0.230751 0
front
0  -0.013178 -0.696428 -0.696428  0.671751 -0.523808 -0.523808  0.845763 0.154237 0
0  -0.028208 -0.716642 -0.695489  0.671751 -0.523808 -0.523808  0.855799 0.154703 0
0  -0.028208 -0.695489 -0.716642  0.671751 -0.523808 -0.523808  0.845297 0.144201 0
front
0  -0.063178 -0.696428 -0.696428  -0.671752 -0.523808 -0.523808  0.845763 0.154237 0
0  -0.048148 -0.695489 -0.716642  -0.671752 -0.523808 -0.523808  0.845297 0.144201 0
0  -0.048148 -0.716642 -0.695489  -0.671752 -0.523808 -0.523808  0.855799 0.154703 0
front
0  -0.013178 -0.547180 -0.818912  0.671749 -0.411555 -0.615935  0.771664 0.093426 0
0  -0.028208 -0.567188 -0.821935  0.671749 -0.411555 -0.615935  0.781598 0.091925 0
0  -0.028208 -0.542315 -0.838555  0.671749 -0.411555 -0.615935  0.769249 0.083674 0
front
0  -0.063178 -0.547180 -0.818912  -0.671749 -0.411555 -0.615935  0.771664 0.093426 0
0  -0.048148 -0.542315 -0.838555  -0.671749 -0.411555 -0.615935  0.769249 0.083674 0
0  -0.048148 -0.567188 -0.821935  -0.671749 -0.411555 -0.615935  0.781598 0.091925 0
front
0  -0.013178 -0.376904 -0.909927  0.671756 -0.283482 -0.684384  0.687126 0.048239 0
0  -0.028208 -0.395939 -0.916795  0.671756 -0.283482 -0.684384  0.696576 0.044829 0
0  -0.028208 -0.368301 -0.928242  0.671756 -0.283482 -0.684384  0.682854 0.039145 0
front
0  -0.063178 -0.376904 -0.909927  -0.671756 -0.283482 -0.684384  0.687126 0.048239 0
0  -0.048148 -0.368301 -0.928242  -0.671756 -0.283482 -0.684384  0.682854 0.039145 0
0  -0.048148 -0.395939 -0.916795  -0.671756 -0.283482 -0.684384  0.696576 0.044829 0
front
0  -0.013178 -0.192144 -0.965973  0.671752 -0.144519 -0.726542  0.595396 0.020413 0
0  -0.028208 -0.209473 -0.976422  0.671752 -0.144519 -0.726542  0.603999 0.015225 0
0  -0.028208 -0.180133 -0.982258  0.671752 -0.144519 -0.726542  0.589432 0.012327 0
front
0  -0.063178 -0.192144 -0.965973  -0.671752 -0.144519 -0.726542  0.595396 0.020413 0
0  -0.048148 -0.180133 -0.982258  -0.671752 -0.144519 -0.726542  0.589432 0.012327 0
0  -0.048148 -0.209473 -0.976422  -0.671752 -0.144519 -0.726542  0.603999 0.015225 0
front
0  -0.013178 -0.000000 -0.984897  0.671752 0.000000 -0.740776  0.500000 0.011017 0
0  -0.028208 -0.014957 -0.998527  0.671752 0.000000 -0.740776  0.507426 0.004250 0
0  -0.028208 0.014957 -0.998527  0.671752 0.000000 -0.740776  0.492574 0.004250 0
front
0  -0.063178 0.000000 -0.984897  -0.671752 0.000000 -0.740776  0.500000 0.011017 0
0  -0.048148 0.014957 -0.998527  -0.671752 0.000000 -0.740776  0.492574 0.004250 0
0  -0.048148 -0.014957 -0.998527  -0.671752 0.000000 -0.740776  0.507426 0.004250 0
front
0  -0.013178 0.192144 -0.965973  0.671752 0.144519 -0.726542  0.404604 0.020413 0
0  -0.028208 0.180133 -0.982258  0.671752 0.144519 -0.726542  0.410567 0.012327 0
0  -0.028208 0.209473 -0.976422  0.671752 0.144519 -0.726542  0.396001 0.015225 0
front
0  -0.063178 0.192144 -0.965973  -0.671752 0.144519 -0.726542  0.404604 0.020413 0
0  -0.048148 0.209473 -0.976422  -0.671752 0.144519 -0.726542  0.396001 0.015225 0
0  -0.048148 0.180133 -0.982258  -0.671752 0.144519 -0.726542  0.410567 0.012327 0
front
0  -0.013178 0.376904 -0.909927  0.671755 0.283482 -0.684385  0.312874 0.048239 0
0  -0.028208 0.368301 -0.928242  0.671755 0.283482 -0.684385  0.317146 0.039145 0
0  -0.028208 0.395939 -0.916795  0.671755 0.283482 -0.684385  0.303424 0.044829 0
front
0  -0.063178 0.376904 -0.909927  -0.671756 0.283482 -0.684384  0.312874 0.048239 0
0  -0.048148 0.395939 -0.916795  -0.671756 0.283482 -0.684384  0.303424 0.044829 0
0  -0.048148 0.368301 -0.928242  -0.671756 0.283482 -0.684384  0.317146 0.039145 0
front
0  -0.013178 0.547180 -0.818912  0.671749 0.411555 -0.615935  0.228336 0.093426 0
0  -0.028208 0.542315 -0.838555  0.671749 0.411555 -0.615935  0.230751 0.083674 0
0  -0.028208 0.567188 -0.821935  0.671749 0.411555 -0.615935  0.218402 0.091925 0
front
0  -0.063178 0.547180 -0.818912  -0.671748 0.411554 -0.615937  0.228336 0.093426 0
0  -0.048148 0.567188 -0.821935  -0.671748 0.411554 -0.615937  0.218402 0.091925 0
0  -0.048148 0.542315 -0.838555  -0.671748 0.411554 -0.615937  0.230751 0.083674 0
front
0  -0.013178 0.696428 -0.696428  0.671751 0.523808 -0.523809  0.154237 0.154237 0
0  -0.028208 0.695489 -0.716642  0.671751 0.523808 -0.523809  0.154703 0.144201 0
0  -0.028208 0.716642 -0.695489  0.671751 0.523808 -0.523809  0.144201 0.154703 0
front
0  -0.063178 0.696428 -0.696428  -0.671752 0.523808 -0.523808  0.154237 0.154237 0
0  -0.048148 0.716642 -0.695489  -0.671752 0.523808 -0.523808  0.144201 0.154703 0
0  -0.048148 0.695489 -0.716642  -0.671752 0.523808 -0.523808  0.154703 0.144201 0
front
0  -0.013178 0.818912 -0.547180  0.671751 0.615933 -0.411555  0.093426 0.228336 0
0  -0.028208 0.821935 -0.567188  0.671751 0.615933 -0.411555  0.091925 0.218402 0
0  -0.028208 0.838555 -0.542315  0.671751 0.615933 -0.411555  0.083674 0.230751 0
front
0  -0.063178 0.818912 -0.547180  -0.671751 0.615933 -0.411556  0.093426 0.228336 0
0  -0.048148 0.838555 -0.542315  -0.671751 0.615933 -0.411556  0.083674 0.230751 0
0  -0.048148 0.821935 -0.567188  -0.671751 0.615933 -0.411556  0.091925 0.218402 0
front
0  -0.013178 0.909927 -0.376904  0.671751 0.684388 -0.283484  0.048239 0.312874 0
0  -0.028208 0.916795 -0.395939  0.671751 0.684388 -0.283484  0.044829 0.303424 0
0  -0.028208 0.928242 -0.368301  0.671751 0.684388 -0.283484  0.039145 0.317146 0
front
0  -0.063178 0.909927 -0.376904  -0.671752 0.684388 -0.283482  0.048239 0.312874 0
0  -0.048148 0.928242 -0.368301  -0.671752 0.684388 -0.283482  0.039145 0.317146 0
0  -0.048148 0.916795 -0.395939  -0.671752 0.684388 -0.283482  0.044829 0.303424 0
front
0  -0.013178 0.965973 -0.192144  0.671752 0.726542 -0.144519  0.020413 0.404604 0
0  -0.028208 0.976422 -0.209473  0.671752 0.726542 -0.144519  0.015225 0.396001 0
0  -0.028208 0.982258 -0.180133  0.671752 0.726542 -0.144519  0.012327 0.410567 0
front
0  -0.063178 0.965973 -0.192144  -0.671752 0.726542 -0.144519  0.020413 0.404604 0
0  -0.048148 0.982258 -0.180133  -0.671752 0.726542 -0.144519  0.012327 0.410567 0
0  -0.048148 0.976422 -0.209473  -0.671752 0.726542 -0.144519  0.015225 0.396001 0
front
0  -0.028208 0.998527 0.014957  0.707107 0.703702 0.069309  0.004250 0.507426 0
0  -0.013178 0.965973 0.192144  0.707107 0.703702 0.069309  0.020413 0.595396 0
0  -0.013178 0.984897 -0.000000  0.707107 0.703702 0.069309  0.011017 0.500000 0
front
0  -0.048148 0.982258 0.180133  -0.707108 0.703701 0.069309  0.012327 0.589432 0
0  -0.063178 0.984897 0.000000  -0.707108 0.703701 0.069309  0.011017 0.500000 0
0  -0.063178 0.965973 0.192144  -0.707108 0.703701 0.069309  0.020413 0.595396 0
front
0  -0.028208 0.998527 -0.014957  0.000000 1.000000 0.000000  0.004250 0.492574 0
0  -0.048148 0.998527 0.014957  0.000000 1.000000 0.000000  0.004250 0.507426 0
0  -0.028208 0.998527 0.014957  0.000000 1.000000 0.000000  0.004250 0.507426 0
front
0  -0.048148 0.976422 0.209473  0.000000 0.980785 0.195090  0.015225 0.603999 0
0  -0.028207 0.982258 0.180133  0.000000 0.980785 0.195090  0.012327 0.589432 0
0  -0.048148 0.982258 0.180133  0.000000 0.980785 0.195090  0.012327 0.589432 0
front
0  -0.028207 0.976422 0.209473  0.707107 0.676659 0.205262  0.015225 0.603999 0
0  -0.013178 0.909927 0.376904  0.707107 0.676659 0.205262  0.048239 0.687126 0
0  -0.013178 0.965973 0.192144  0.707107 0.676659 0.205262  0.020413 0.595396 0
front
0  -0.048148 0.928242 0.368301  -0.707108 0.676658 0.205262  0.039145 0.682854 0
0  -0.063178 0.965973 0.192144  -0.707108 0.676658 0.205262  0.020413 0.595396 0
0  -0.063178 0.909927 0.376904  -0.707108 0.676658 0.205262  0.048239 0.687126 0
front
0  -0.048148 0.916795 0.395939  0.000000 0.923879 0.382685  0.044829 0.696576 0
0  -0.028207 0.928242 0.368301  0.000000 0.923879 0.382685  0.039145 0.682854 0
0  -0.048148 0.928242 0.368301  0.000000 0.923879 0.382685  0.039145 0.682854 0
front
0  -0.028207 0.916795 0.395939  0.707107 0.623612 0.333327  0.044829 0.696576 0
0  -0.013178 0.818912 0.547180  0.707107 0.623612 0.333327  0.093426 0.771664 0
0  -0.013178 0.909927 0.376904  0.707107 0.623612 0.333327  0.048239 0.687126 0
front
0  -0.048148 0.838555 0.542315  -0.707107 0.623612 0.333328  0.083674 0.769249 0
0  -0.063178 0.909927 0.376904  -0.707107 0.623612 0.333328  0.048239 0.687126 0
0  -0.063178 0.818912 0.547180  -0.707107 0.623612 0.333328  0.093426 0.771664 0
front
0  -0.048148 0.821935 0.567188  0.000000 0.831471 0.555568  0.091925 0.781598 0
0  -0.028207 0.838555 0.542315  0.000000 0.831471 0.555568  0.083674 0.769249 0
0  -0.048148 0.838555 0.542315  0.000000 0.831471 0.555568  0.083674 0.769249 0
front
0  -0.028207 0.821935 0.567188  0.707106 0.546601 0.448584  0.091925 0.781598 0
0  -0.013178 0.696428 0.696428  0.707106 0.546601 0.448584  0.154237 0.845763 0
0  -0.013178 0.818912 0.547180  0.707106 0.546601 0.448584  0.093426 0.771664 0
front
0  -0.048148 0.716642 0.695489  -0.707105 0.546602 0.448585  0.144201 0.845297 0
0  -0.063178 0.818912 0.547180  -0.707105 0.546602 0.448585  0.093426 0.771664 0
0  -0.063178 0.696428 0.696428  -0.707105 0.546602 0.448585  0.154237 0.845763 0
front
0  -0.048148 0.695489 0.716642  0.000000 0.707107 0.707107  0.154703 0.855799 0
0  -0.028207 0.716642 0.695489  0.000000 0.707107 0.707107  0.144201 0.845297 0
0  -0.048148 0.716642 0.695489  0.000000 0.707107 0.707107  0.144201 0.845297 0
front
0  -0.028207 0.695489 0.716642  0.707106 0.448584 0.546601  0.154703 0.855799 0
0  -0.013178 0.547180 0.818912  0.707106 0.448584 0.546601  0.228336 0.906574 0
0  -0.013178 0.696428 0.696428  0.707106 0.448584 0.546601  0.154237 0.845763 0
front
0  -0.048148 0.567188 0.821935  -0.707110 0.448582 0.546598  0.218402 0.908075 0
0  -0.063178 0.696428 0.696428  -0.707110 0.448582 0.546598  0.154237 0.845763 0
0  -0.063178 0.547180 0.818912  -0.707110 0.448582 0.546598  0.228336 0.906574 0
front
0  -0.048148 0.542315 0.838555  0.000000 0.555569 0.831471  0.230751 0.916326 0
0  -0.028207 0.567188 0.821935  0.000000 0.555569 0.831471  0.218402 0.908075 0
0  -0.048148 0.567188 0.821935  0.000000 0.555569 0.831471  0.218402 0.908075 0
front
0  -0.028207 0.542315 0.838555  0.707107 0.333328 0.623612  0.230751 0.916326 0
0  -0.013178 0.376904 0.909927  0.707107 0.333328 0.623612  0.312874 0.951761 0
0  -0.013178 0.547180 0.818912  0.707107 0.333328 0.623612  0.228336 0.906574 0
front
0  -0.048148 0.395939 0.916795  -0.707107 0.333327 0.623612  0.303424 0.955171 0
0  -0.063178 0.547180 0.818912  -0.707107 0.333327 0.623612  0.228336 0.906574 0
0  -0.063178 0.376904 0.909927  -0.707107 0.333327 0.623612  0.312874 0.951761 0
front
0  -0.048148 0.368301 0.928242  0.000000 0.382684 0.923879  0.317146 0.960855 0
0  -0.028207 0.395939 0.916795  0.000000 0.382684 0.923879  0.303424 0.955171 0
0  -0.048148 0.395939 0.916795  0.000000 0.382684 0.923879  0.303424 0.955171 0
front
0  -0.028207 0.368301 0.928242  0.707107 0.205262 0.676659  0.317146 0.960855 0
0  -0.013178 0.192144 0.965973  0.707107 0.205262 0.676659  0.404604 0.979587 0
0  -0.013178 0.376904 0.909927  0.707107 0.205262 0.676659  0.312874 0.951761 0
front
0  -0.048148 0.209473 0.976422  -0.707107 0.205262 0.676659  0.396001 0.984775 0
0  -0.063178 0.376904 0.909927  -0.707107 0.205262 0.676659  0.312874 0.951761 0
0  -0.063178 0.192144 0.965973  -0.707107 0.205262 0.676659  0.404604 0.979587 0
front
0  -0.048148 0.180133 0.982258  -0.000001 0.195092 0.980785  0.410567 0.987673 0
0  -0.028207 0.209473 0.976422  -0.000001 0.195092 0.980785  0.396001 0.984775 0
0  -0.048148 0.209473 0.976422  -0.000001 0.195092 0.980785  0.396001 0.984775 0
front
0  -0.028207 0.180133 0.982258  0.707110 0.069308 0.703699  0.410567 0.987673 0
0  -0.013178 0.000000 0.984897  0.707110 0.069308 0.703699  0.500000 0.988983 0
0  -0.013178 0.192144 0.965973  0.707110 0.069308 0.703699  0.404604 0.979587 0
front
0  -0.048148 0.014957 0.998527  -0.707110 0.069308 0.703699  0.492574 0.995750 0
0  -0.063178 0.192144 0.965973  -0.707110 0.069308 0.703699  0.404604 0.979587 0
0  -0.063178 -0.000000 0.984897  -0.707110 0.069308 0.703699  0.500000 0.988983 0
front
0  -0.048148 -0.014957 0.998527  -0.000000 0.000000 1.000000  0.507426 0.995750 0
0  -0.028207 0.014957 0.998527  -0.000000 0.000000 1.000000  0.492574 0.995750 0
0  -0.048148 0.014957 0.998527  -0.000000 0.000000 1.000000  0.492574 0.995750 0
front
0  -0.028207 -0.014957 0.998527  0.707110 -0.069308 0.703699  0.507426 0.995750 0
0  -0.013178 -0.192144 0.965973  0.707110 -0.069308 0.703699  0.595396 0.979587 0
0  -0.013178 0.000000 0.984897  0.707110 -0.069308 0.703699  0.500000 0.988983 0
front
0  -0.048148 -0.180133 0.982258  -0.707110 -0.069308 0.703699  0.589432 0.987673 0
0  -0.063178 -0.000000 0.984897  -0.707110 -0.069308 0.703699  0.500000 0.988983 0
0  -0.063178 -0.192144 0.965973  -0.707110 -0.069308 0.703699  0.595396 0.979587 0
front
0  -0.048148 -0.209473 0.976422  0.000000 -0.195091 0.980785  0.603999 0.984775 0
0  -0.028207 -0.180133 0.982258  0.000000 -0.195091 0.980785  0.589432 0.987673 0
0  -0.048148 -0.180133 0.982258  0.000000 -0.195091 0.980785  0.589432 0.987673 0
front
0  -0.028207 -0.209473 0.976422  0.707107 -0.205262 0.676659  0.603999 0.984775 0
0  -0.013178 -0.376904 0.909927  0.707107 -0.205262 0.676659  0.687126 0.951761 0
0  -0.013178 -0.192144 0.965973  0.707107 -0.205262 0.676659  0.595396 0.979587 0
front
0  -0.048148 -0.368301 0.928242  -0.707107 -0.205262 0.676659  0.682854 0.960855 0
0  -0.063178 -0.192144 0.965973  -0.707107 -0.205262 0.676659  0.595396 0.979587 0
0  -0.063178 -0.376904 0.909927  -0.707107 -0.205262 0.676659  0.687126 0.951761 0
front
0  -0.048148 -0.395939 0.916795  0.000000 -0.382684 0.923879  0.696576 0.955171 0
0  -0.028207 -0.368301 0.928242  0.000000 -0.382684 0.923879  0.682854 0.960855 0
0  -0.048148 -0.368301 0.928242  0.000000 -0.382684 0.923879  0.682854 0.960855 0
front
0  -0.028207 -0.395939 0.916795  0.707107 -0.333328 0.623612  0.696576 0.955171 0
0  -0.013178 -0.547180 0.818912  0.707107 -0.333328 0.623612  0.771664 0.906574 0
0  -0.013178 -0.376904 0.909927  0.707107 -0.333328 0.623612  0.687126 0.951761 0
front
0  -0.048148 -0.542315 0.838555  -0.707107 -0.333328 0.623612  0.769249 0.916326 0
0  -0.063178 -0.376904 0.909927  -0.707107 -0.333328 0.623612  0.687126 0.951761 0
0  -0.063178 -0.547180 0.818912  -0.707107 -0.333328 0.623612  0.771664 0.906574 0
front
0  -0.048148 -0.567188 0.821935  0.000000 -0.555570 0.831470  0.781598 0.908075 0
0  -0.028207 -0.542315 0.838555  0.000000 -0.555570 0.831470  0.769249 0.916326 0
0  -0.048148 -0.542315 0.838555  0.000000 -0.555570 0.831470  0.769249 0.916326 0
front
0  -0.028207 -0.567188 0.821935  0.707110 -0.448582 0.546599  0.781598 0.908075 0
0  -0.013178 -0.696428 0.696428  0.707110 -0.448582 0.546599  0.845763 0.845763 0
0  -0.013178 -0.547180 0.818912  0.707110 -0.448582 0.546599  0.771664 0.906574 0
front
0  -0.048148 -0.695489 0.716642  -0.707106 -0.448584 0.546601  0.845297 0.855799 0
0  -0.063178 -0.547180 0.818912  -0.707106 -0.448584 0.546601  0.771664 0.906574 0
0  -0.063178 -0.696428 0.696428  -0.707106 -0.448584 0.546601  0.845763 0.845763 0
front
0  -0.048148 -0.716642 0.695489  0.000000 -0.707107 0.707107  0.855799 0.845297 0
0  -0.028207 -0.695489 0.716642  0.000000 -0.707107 0.707107  0.845297 0.855799 0
0  -0.048148 -0.695489 0.716642  0.000000 -0.707107 0.707107  0.845297 0.855799 0
front
0  -0.028207 -0.716642 0.695489  0.707105 -0.546603 0.448585  0.855799 0.845297 0
0  -0.013178 -0.818912 0.547180  0.707105 -0.546603 0.448585  0.906574 0.771664 0
0  -0.013178 -0.696428 0.696428  0.707105 -0.546603 0.448585  0.845763 0.845763 0
front
0  -0.048148 -0.821935 0.567188  -0.707106 -0.546601 0.448584  0.908075 0.781598 0
0  -0.063178 -0.696428 0.696428  -0.707106 -0.546601 0.448584  0.845763 0.845763 0
0  -0.063178 -0.818912 0.547180  -0.707106 -0.546601 0.448584  0.906574 0.771664 0
front
0  -0.048148 -0.838555 0.542315  0.000000 -0.831471 0.555568  0.916326 0.769249 0
0  -0.028207 -0.821935 0.567188  0.000000 -0.831471 0.555568  0.908075 0.781598 0
0  -0.048148 -0.821935 0.567188  0.000000 -0.831471 0.555568  0.908075 0.781598 0
front
0  -0.028207 -0.838555 0.542315  0.707107 -0.623612 0.333327  0.916326 0.769249 0
0  -0.013178 -0.909927 0.376904  0.707107 -0.623612 0.333327  0.951761 0.687126 0
0  -0.013178 -0.818912 0.547180  0.707107 -0.623612 0.333327  0.906574 0.771664 0
front
0  -0.048148 -0.916795 0.395939  -0.707107 -0.623612 0.333328  0.955171 0.696576 0
0  -0.063178 -0.818912 0.547180  -0.707107 -0.623612 0.333328  0.906574 0.771664 0
0  -0.063178 -0.909927 0.376904  -0.707107 -0.623612 0.333328  0.951761 0.687126 0
front
0  -0.048148 -0.928242 0.368301  0.000000 -0.923881 0.382680  0.960855 0.682854 0
0  -0.028207 -0.916795 0.395939  0.000000 -0.923881 0.382680  0.955171 0.696576 0
0  -0.048148 -0.916795 0.395939  0.000000 -0.923881 0.382680  0.955171 0.696576 0
front
0  -0.028207 -0.928242 0.368301  0.707108 -0.676658 0.205261  0.960855 0.682854 0
0  -0.013178 -0.965973 0.192144  0.707108 -0.676658 0.205261  0.979587 0.595396 0
0  -0.013178 -0.909927 0.376904  0.707108 -0.676658 0.205261  0.951761 0.687126 0
front
0  -0.048148 -0.976422 0.209473  -0.707107 -0.676659 0.205262  0.984775 0.603999 0
0  -0.063178 -0.909927 0.376904  -0.707107 -0.676659 0.205262  0.951761 0.687126 0
0  -0.063178 -0.965973 0.192144  -0.707107 -0.676659 0.205262  0.979587 0.595396 0
front
0  -0.048148 -0.982258 0.180133  -0.000000 -0.980784 0.195096  0.987673 0.589432 0
0  -0.028207 -0.976422 0.209473  -0.000000 -0.980784 0.195096  0.984775 0.603999 0
0  -0.048148 -0.976422 0.209473  -0.000000 -0.980784 0.195096  0.984775 0.603999 0
front
0  -0.028207 -0.982258 0.180133  0.707108 -0.703701 0.069309  0.987673 0.589432 0
0  -0.013178 -0.984897 -0.000000  0.707108 -0.703701 0.069309  0.988983 0.500000 0
0  -0.013178 -0.965973 0.192144  0.707108 -0.703701 0.069309  0.979587 0.595396 0
front
0  -0.048148 -0.998527 0.014957  -0.707107 -0.703702 0.069309  0.995750 0.507426 0
0  -0.063178 -0.965973 0.192144  -0.707107 -0.703702 0.069309  0.979587 0.595396 0
0  -0.063178 -0.984897 0.000000  -0.707107 -0.703702 0.069309  0.988983 0.500000 0
front
0  -0.048148 -0.998527 -0.014957  0.000000 -1.000000 0.000000  0.995750 0.492574 0
0  -0.028208 -0.998527 0.014957  0.000000 -1.000000 0.000000  0.995750 0.507426 0
0  -0.048148 -0.998527 0.014957  0.000000 -1.000000 0.000000  0.995750 0.507426 0
front
0  -0.028208 -0.998527 -0.014957  0.707107 -0.703702 -0.069309  0.995750 0.492574 0
0  -0.013178 -0.965973 -0.192144  0.707107 -0.703702 -0.069309  0.979587 0.404604 0
0  -0.013178 -0.984897 -0.000000  0.707107 -0.703702 -0.069309  0.988983 0.500000 0
front
0  -0.048148 -0.982258 -0.180133  -0.707108 -0.703701 -0.069309  0.987673 0.410567 0
0  -0.063178 -0.984897 0.000000  -0.707108 -0.703701 -0.069309  0.988983 0.500000 0
0  -0.063178 -0.965973 -0.192144  -0.707108 -0.703701 -0.069309  0.979587 0.404604 0
front
0  -0.048148 -0.976422 -0.209473  0.000000 -0.980785 -0.195090  0.984775 0.396001 0
0  -0.028208 -0.982258 -0.180133  0.000000 -0.980785 -0.195090  0.987673 0.410567 0
0  -0.048148 -0.982258 -0.180133  0.000000 -0.980785 -0.195090  0.987673 0.410567 0
front
0  -0.028208 -0.976422 -0.209473  0.707107 -0.676659 -0.205262  0.984775 0.396001 0
0  -0.013178 -0.909927 -0.376904  0.707107 -0.676659 -0.205262  0.951761 0.312874 0
0  -0.013178 -0.965973 -0.192144  0.707107 -0.676659 -0.205262  0.979587 0.404604 0
front
0  -0.048148 -0.928242 -0.368301  -0.707108 -0.676658 -0.205262  0.960855 0.317146 0
0  -0.063178 -0.965973 -0.192144  -0.707108 -0.676658 -0.205262  0.979587 0.404604 0
0  -0.063178 -0.909927 -0.376904  -0.707108 -0.676658 -0.205262  0.951761 0.312874 0
front
0  -0.048148 -0.916795 -0.395939  0.000000 -0.923879 -0.382685  0.955171 0.303424 0
0  -0.028208 -0.928242 -0.368301  0.000000 -0.923879 -0.382685  0.960855 0.317146 0
0  -0.048148 -0.928242 -0.368301  0.000000 -0.923879 -0.382685  0.960855 0.317146 0
front
0  -0.028208 -0.916795 -0.395939  0.707107 -0.623612 -0.333327  0.955171 0.303424 0
0  -0.013178 -0.818912 -0.547180  0.707107 -0.623612 -0.333327  0.906574 0.228336 0
0  -0.013178 -0.909927 -0.376904  0.707107 -0.623612 -0.333327  0.951761 0.312874 0
front
0  -0.048148 -0.838555 -0.542315  -0.707107 -0.623612 -0.333327  0.916326 0.230751 0
0  -0.063178 -0.909927 -0.376904  -0.707107 -0.623612 -0.333327  0.951761 0.312874 0
0  -0.063178 -0.818912 -0.547180  -0.707107 -0.623612 -0.333327  0.906574 0.228336 0
front
0  -0.048148 -0.821935 -0.567188  0.000000 -0.831471 -0.555568  0.908075 0.218402 0
0  -0.028208 -0.838555 -0.542315  0.000000 -0.831471 -0.555568  0.916326 0.230751 0
0  -0.048148 -0.838555 -0.542315  0.000000 -0.831471 -0.555568  0.916326 0.230751 0
front
0  -0.028208 -0.821935 -0.567188  0.707106 -0.546601 -0.448584  0.908075 0.218402 0
0  -0.013178 -0.696428 -0.696428  0.707106 -0.546601 -0.448584  0.845763 0.154237 0
0  -0.013178 -0.818912 -0.547180  0.707106 -0.546601 -0.448584  0.906574 0.228336 0
front
0  -0.048148 -0.716642 -0.695489  -0.707105 -0.546603 -0.448585  0.855799 0.154703 0
0  -0.063178 -0.818912 -0.547180  -0.707105 -0.546603 -0.448585  0.906574 0.228336 0
0  -0.063178 -0.696428 -0.696428  -0.707105 -0.546603 -0.448585  0.845763 0.154237 0
front
0  -0.048148 -0.695489 -0.716642  0.000000 -0.707107 -0.707107  0.845297 0.144201 0
0  -0.028208 -0.716642 -0.695489  0.000000 -0.707107 -0.707107  0.855799 0.154703 0
0  -0.048148 -0.716642 -0.695489  0.000000 -0.707107 -0.707107  0.855799 0.154703 0
front
0  -0.028208 -0.695489 -0.716642  0.707106 -0.448584 -0.546601  0.845297 0.144201 0
0  -0.013178 -0.547180 -0.818912  0.707106 -0.448584 -0.546601  0.771664 0.093426 0
0  -0.013178 -0.696428 -0.696428  0.707106 -0.448584 -0.546601  0.845763 0.154237 0
front
0  -0.048148 -0.567188 -0.821935  -0.707110 -0.448582 -0.546598  0.781598 0.091925 0
0  -0.063178 -0.696428 -0.696428  -0.707110 -0.448582 -0.546598  0.845763 0.154237 0
0  -0.063178 -0.547180 -0.818912  -0.707110 -0.448582 -0.546598  0.771664 0.093426 0
front
0  -0.048148 -0.542315 -0.838555  0.000000 -0.555569 -0.831471  0.769249 0.083674 0
0  -0.028208 -0.567188 -0.821935  0.000000 -0.555569 -0.831471  0.781598 0.091925 0
0  -0.048148 -0.567188 -0.821935  0.000000 -0.555569 -0.831471  0.781598 0.091925 0
front
0  -0.028208 -0.542315 -0.838555  0.707107 -0.333328 -0.623612  0.769249 0.083674 0
0  -0.013178 -0.376904 -0.909927  0.707107 -0.333328 -0.623612  0.687126 0.048239 0
0  -0.013178 -0.547180 -0.818912  0.707107 -0.333328 -0.623612  0.771664 0.093426 0
front
0  -0.048148 -0.395939 -0.916795  -0.707107 -0.333327 -0.623612  0.696576 0.044829 0
0  -0.063178 -0.547180 -0.818912  -0.707107 -0.333327 -0.623612  0.771664 0.093426 0
0  -0.063178 -0.376904 -0.909927  -0.707107 -0.333327 -0.623612  0.687126 0.048239 0
front
0  -0.048148 -0.368301 -0.928242  0.000000 -0.382683 -0.923880  0.682854 0.039145 0
0  -0.028208 -0.395939 -0.916795  0.000000 -0.382683 -0.923880  0.696576 0.044829 0
0  -0.048148 -0.395939 -0.916795  0.000000 -0.382683 -0.923880  0.696576 0.044829 0
front
0  -0.028208 -0.368301 -0.928242  0.707107 -0.205262 -0.676659  0.682854 0.039145 0
0  -0.013178 -0.192144 -0.965973  0.707107 -0.205262 -0.676659  0.595396 0.020413 0
0  -0.013178 -0.376904 -0.909927  0.707107 -0.205262 -0.676659  0.687126 0.048239 0
front
0  -0.048148 -0.209473 -0.976422  -0.707107 -0.205262 -0.676659  0.603999 0.015225 0
0  -0.063178 -0.376904 -0.909927  -0.707107 -0.205262 -0.676659  0.687126 0.048239 0
0  -0.063178 -0.192144 -0.965973  -0.707107 -0.205262 -0.676659  0.595396 0.020413 0
front
0  -0.048148 -0.180133 -0.982258  -0.000001 -0.195092 -0.980785  0.589432 0.012327 0
0  -0.028208 -0.209473 -0.976422  -0.000001 -0.195092 -0.980785  0.603999 0.015225 0
0  -0.048148 -0.209473 -0.976422  -0.000001 -0.195092 -0.980785  0.603999 0.015225 0
front
0  -0.028208 -0.180133 -0.982258  0.707110 -0.069308 -0.703699  0.589432 0.012327 0
0  -0.013178 -0.000000 -0.984897  0.707110 -0.069308 -0.703699  0.500000 0.011017 0
0  -0.013178 -0.192144 -0.965973  0.707110 -0.069308 -0.703699  0.595396 0.020413 0
front
0  -0.048148 -0.014957 -0.998527  -0.707110 -0.069309 -0.703699  0.507426 0.004250 0
0  -0.063178 -0.192144 -0.965973  -0.707110 -0.069309 -0.703699  0.595396 0.020413 0
0  -0.063178 0.000000 -0.984897  -0.707110 -0.069309 -0.703699  0.500000 0.011017 0
front
0  -0.048148 0.014957 -0.998527  -0.000000 0.000000 -1.000000  0.492574 0.004250 0
0  -0.028208 -0.014957 -0.998527  -0.000000 0.000000 -1.000000  0.507426 0.004250 0
0  -0.048148 -0.014957 -0.998527  -0.000000 0.000000 -1.000000  0.507426 0.004250 0
front
0  -0.028208 0.014957 -0.998527  0.707110 0.069308 -0.703699  0.492574 0.004250 0
0  -0.013178 0.192144 -0.965973  0.707110 0.069308 -0.703699  0.404604 0.020413 0
0  -0.013178 -0.000000 -0.984897  0.707110 0.069308 -0.703699  0.500000 0.011017 0
front
0  -0.048148 0.180133 -0.982258  -0.707110 0.069308 -0.703698  0.410567 0.012327 0
0  -0.063178 0.000000 -0.984897  -0.707110 0.069308 -0.703698  0.500000 0.011017 0
0  -0.063178 0.192144 -0.965973  -0.707110 0.069308 -0.703698  0.404604 0.020413 0
front
0  -0.048148 0.209473 -0.976422  0.000000 0.195091 -0.980785  0.396001 0.015225 0
0  -0.028208 0.180133 -0.982258  0.000000 0.195091 -0.980785  0.410567 0.012327 0
0  -0.048148 0.180133 -0.982258  0.000000 0.195091 -0.980785  0.410567 0.012327 0
front
0  -0.028208 0.209473 -0.976422  0.707107 0.205262 -0.676659  0.396001 0.015225 0
0  -0.013178 0.376904 -0.909927  0.707107 0.205262 -0.676659  0.312874 0.048239 0
0  -0.013178 0.192144 -0.965973  0.707107 0.205262 -0.676659  0.404604 0.020413 0
front
0  -0.048148 0.368301 -0.928242  -0.707107 0.205262 -0.676659  0.317146 0.039145 0
0  -0.063178 0.192144 -0.965973  -0.707107 0.205262 -0.676659  0.404604 0.020413 0
0  -0.063178 0.376904 -0.909927  -0.707107 0.205262 -0.676659  0.312874 0.048239 0
front
0  -0.048148 0.395939 -0.916795  0.000000 0.382683 -0.923880  0.303424 0.044829 0
0  -0.028208 0.368301 -0.928242  0.000000 0.382683 -0.923880  0.317146 0.039145 0
0  -0.048148 0.368301 -0.928242  0.000000 0.382683 -0.923880  0.317146 0.039145 0
front
0  -0.028208 0.395939 -0.916795  0.707107 0.333328 -0.623612  0.303424 0.044829 0
0  -0.013178 0.547180 -0.818912  0.707107 0.333328 -0.623612  0.228336 0.093426 0
0  -0.013178 0.376904 -0.909927  0.707107 0.333328 -0.623612  0.312874 0.048239 0
front
0  -0.048148 0.542315 -0.838555  -0.707107 0.333327 -0.623612  0.230751 0.083674 0
0  -0.063178 0.376904 -0.909927  -0.707107 0.333327 -0.623612  0.312874 0.048239 0
0  -0.063178 0.547180 -0.818912  -0.707107 0.333327 -0.623612  0.228336 0.093426 0
front
0  -0.048148 0.567188 -0.821935  0.000000 0.555570 -0.831470  0.218402 0.091925 0
0  -0.028208 0.542315 -0.838555  0.000000 0.555570 -0.831470  0.230751 0.083674 0
0  -0.048148 0.542315 -0.838555  0.000000 0.555570 -0.831470  0.230751 0.083674 0
front
0  -0.028208 0.567188 -0.821935  0.707110 0.448582 -0.546599  0.218402 0.091925 0
0  -0.013178 0.696428 -0.696428  0.707110 0.448582 -0.546599  0.154237 0.154237 0
0  -0.013178 0.547180 -0.818912  0.707110 0.448582 -0.546599  0.228336 0.093426 0
front
0  -0.048148 0.695489 -0.716642  -0.707106 0.448584 -0.546601  0.154703 0.144201 0
0  -0.063178 0.547180 -0.818912  -0.707106 0.448584 -0.546601  0.228336 0.093426 0
0  -0.063178 0.696428 -0.696428  -0.707106 0.448584 -0.546601  0.154237 0.154237 0
front
0  -0.048148 0.716642 -0.695489  0.000000 0.707106 -0.707107  0.144201 0.154703 0
0  -0.028208 0.695489 -0.716642  0.000000 0.707106 -0.707107  0.154703 0.144201 0
0  -0.048148 0.695489 -0.716642  0.000000 0.707106 -0.707107  0.154703 0.144201 0
front
0  -0.028208 0.716642 -0.695489  0.707105 0.546603 -0.448585  0.144201 0.154703 0
0  -0.013178 0.818912 -0.547180  0.707105 0.546603 -0.448585  0.093426 0.228336 0
0  -0.013178 0.696428 -0.696428  0.707105 0.546603 -0.448585  0.154237 0.154237 0
front
0  -0.048148 0.821935 -0.567188  -0.707106 0.546602 -0.448584  0.091925 0.218402 0
0  -0.063178 0.696428 -0.696428  -0.707106 0.546602 -0.448584  0.154237 0.154237 0
0  -0.063178 0.818912 -0.547180  -0.707106 0.546602 -0.448584  0.093426 0.228336 0
front
0  -0.048148 0.838555 -0.542315  0.000000 0.831471 -0.555568  0.083674 0.230751 0
0  -0.028208 0.821935 -0.567188  0.000000 0.831471 -0.555568  0.091925 0.218402 0
0  -0.048148 0.821935 -0.567188  0.000000 0.831471 -0.555568  0.091925 0.218402 0
front
0  -0.028208 0.838555 -0.542315  0.707107 0.623612 -0.333327  0.083674 0.230751 0
0  -0.013178 0.909927 -0.376904  0.707107 0.623612 -0.333327  0.048239 0.312874 0
0  -0.013178 0.818912 -0.547180  0.707107 0.623612 -0.333327  0.093426 0.228336 0
front
0  -0.048148 0.916795 -0.395939  -0.707107 0.623612 -0.333328  0.044829 0.303424 0
0  -0.063178 0.818912 -0.547180  -0.707107 0.623612 -0.333328  0.093426 0.228336 0
0  -0.063178 0.909927 -0.376904  -0.707107 0.623612 -0.333328  0.048239 0.312874 0
front
0  -0.048148 0.928242 -0.368301  0.000000 0.923881 -0.382680  0.039145 0.317146 0
0  -0.028208 0.916795 -0.395939  0.000000 0.923881 -0.382680  0.044829 0.303424 0
0  -0.048148 0.916795 -0.395939  0.000000 0.923881 -0.382680  0.044829 0.303424 0
front
0  -0.028208 0.928242 -0.368301  0.707108 0.676658 -0.205262  0.039145 0.317146 0
0  -0.013178 0.965973 -0.192144  0.707108 0.676658 -0.205262  0.020413 0.404604 0
0  -0.013178 0.909927 -0.376904  0.707108 0.676658 -0.205262  0.048239 0.312874 0
front
0  -0.048148 0.976422 -0.209473  -0.707107 0.676659 -0.205262  0.015225 0.396001 0
0  -0.063178 0.909927 -0.376904  -0.707107 0.676659 -0.205262  0.048239 0.312874 0
0  -0.063178 0.965973 -0.192144  -0.707107 0.676659 -0.205262  0.020413 0.404604 0
front
0  -0.048148 0.982258 -0.180133  -0.000000 0.980784 -0.195096  0.012327 0.410567 0
0  -0.028208 0.976422 -0.209473  -0.000000 0.980784 -0.195096  0.015225 0.396001 0
0  -0.048148 0.976422 -0.209473  -0.000000 0.980784 -0.195096  0.015225 0.396001 0
front
0  -0.028208 0.982258 -0.180133  0.707108 0.703701 -0.069309  0.012327 0.410567 0
0  -0.013178 0.984897 -0.000000  0.707108 0.703701 -0.069309  0.011017 0.500000 0
0  -0.013178 0.965973 -0.192144  0.707108 0.703701 -0.069309  0.020413 0.404604 0
front
0  -0.048148 0.998527 -0.014957  -0.707107 0.703702 -0.069309  0.004250 0.492574 0
0  -0.063178 0.965973 -0.192144  -0.707107 0.703702 -0.069309  0.020413 0.404604 0
0  -0.063178 0.984897 0.000000  -0.707107 0.703702 -0.069309  0.011017 0.500000 0
back
0  -0.013178 -0.965973 0.192144  1.000000 0.000000 -0.000000  0.796115 0.018167 0
0  -0.013178 -0.192144 -0.965973  1.000000 0.000000 -0.000000  0.518166 0.203885 0
0  -0.013178 0.965973 -0.192144  1.000000 0.000000 -0.000000  0.703885 0.481833 0
back
0  0.156301 0.799008 -0.026189  0.000000 1.000000 0.000000  0.103308 0.486998 0
0  0.156301 0.799008 -0.035142  0.000000 1.000000 0.000000  0.103308 0.482553 0
0  0.152143 0.799008 -0.035142  0.000000 1.000000 0.000000  0.103308 0.482553 0
back
0  0.152143 -0.799008 -0.035142  -0.906960 0.000000 0.421216  0.896692 0.482553 0
0  0.156301 0.799008 -0.026189  -0.906960 0.000000 0.421216  0.103308 0.486998 0
0  0.152143 0.799008 -0.035142  -0.906961 0.000000 0.421216  0.103308 0.482553 0
back
0  0.152143 -0.799008 -0.035142  -0.906960 0.000000 0.421216  0.896692 0.482553 0
0  0.156301 -0.799008 -0.026189  -0.906960 0.000000 0.421216  0.896692 0.486998 0
0  0.156301 0.799008 -0.026189  -0.906960 0.000000 0.421216  0.103308 0.486998 0
back
0  0.165494 0.799008 -0.048492  -0.431563 0.000000 -0.902083  0.103308 0.475925 0
0  0.156301 -0.799008 -0.044094  -0.431564 0.000000 -0.902082  0.896692 0.478108 0
0  0.156301 0.799008 -0.044094  -0.431563 0.000000 -0.902083  0.103308 0.478108 0
back
0  0.165494 0.799008 -0.048492  -0.431563 0.000000 -0.902083  0.103308 0.475925 0
0  0.165494 -0.799008 -0.048492  -0.431564 0.000000 -0.902082  0.896692 0.475925 0
0  0.156301 -0.799008 -0.044094  -0.431564 0.000000 -0.902082  0.896692 0.478108 0
back
0  0.165494 -0.799008 -0.021791  -0.431563 0.000000 0.902083  0.896692 0.489181 0
0  0.156301 0.799008 -0.026189  -0.431563 0.000000 0.902083  0.103308 0.486998 0
0  0.156301 -0.799008 -0.026189  -0.431563 0.000000 0.902083  0.896692 0.486998 0
back
0  0.165494 -0.799008 -0.021791  -0.431563 0.000000 0.902083  0.896692 0.489181 0
0  0.165494 0.799008 -0.021791  -0.431563 0.000000 0.902083  0.103308 0.489181 0
0  0.156301 0.799008 -0.026189  -0.431563 0.000000 0.902083  0.103308 0.486998 0
back
0  0.081389 -0.873889 -0.035142  -0.204128 0.884908 0.418652  0.933869 0.482553 0
0  0.129802 -0.866956 -0.026189  -0.204106 0.885080 0.418298  0.930427 0.486998 0
0  0.128381 -0.863049 -0.035141  -0.204142 0.884924 0.418611  0.928487 0.482553 0
back
0  0.081389 -0.873889 -0.035142  -0.204128 0.884908 0.418652  0.933869 0.482553 0
0  0.081625 -0.878040 -0.026189  -0.203867 0.886113 0.416225  0.935930 0.486998 0
0  0.129802 -0.866956 -0.026189  -0.204106 0.885080 0.418298  0.930427 0.486998 0
back
0  0.082900 -0.900548 -0.035142  0.201193 -0.885653 -0.418497  0.947105 0.482553 0
0  0.136085 -0.884236 -0.044094  0.201071 -0.885469 -0.418945  0.939006 0.478108 0
0  0.137506 -0.888143 -0.035142  0.201197 -0.885657 -0.418488  0.940946 0.482553 0
back
0  0.082900 -0.900548 -0.035142  0.201193 -0.885653 -0.418497  0.947105 0.482553 0
0  0.082665 -0.896397 -0.044094  0.201815 -0.886518 -0.416360  0.945044 0.478108 0
0  0.136085 -0.884236 -0.044094  0.201071 -0.885469 -0.418945  0.939006 0.478108 0
back
0  0.082665 -0.896397 -0.026189  0.201586 -0.885572 0.418479  0.945044 0.486998 0
0  0.137506 -0.888143 -0.035142  0.201595 -0.885555 0.418511  0.940946 0.482553 0
0  0.136085 -0.884236 -0.026189  0.201602 -0.885582 0.418451  0.939006 0.486998 0
back
0  0.082665 -0.896397 -0.026189  0.201586 -0.885572 0.418479  0.945044 0.486998 0
0  0.082900 -0.900548 -0.035142  0.201413 -0.886607 0.416365  0.947105 0.482553 0
0  0.137506 -0.888143 -0.035142  0.201595 -0.885555 0.418511  0.940946 0.482553 0
back
0  0.082665 -0.896397 -0.044094  0.096332 -0.423349 -0.900831  0.945044 0.478108 0
0  0.132944 -0.875596 -0.048492  0.096141 -0.423012 -0.901009  0.934717 0.475925 0
0  0.136085 -0.884236 -0.044094  0.096402 -0.423467 -0.900767  0.939006 0.478108 0
back
0  0.082665 -0.896397 -0.044094  0.096332 -0.423349 -0.900831  0.945044 0.478108 0
0  0.082145 -0.887219 -0.048492  0.097377 -0.425591 -0.899661  0.940487 0.475925 0
0  0.132944 -0.875596 -0.048492  0.096141 -0.423012 -0.901009  0.934717 0.475925 0
back
0  0.082145 -0.887219 -0.048492  -0.096863 0.423374 -0.900762  0.940487 0.475925 0
0  0.129802 -0.866956 -0.044094  -0.096975 0.423562 -0.900661  0.930427 0.478108 0
0  0.132944 -0.875596 -0.048492  -0.096854 0.423306 -0.900795  0.934717 0.475925 0
back
0  0.082145 -0.887219 -0.048492  -0.096863 0.423374 -0.900762  0.940487 0.475925 0
0  0.081625 -0.878040 -0.044094  -0.097897 0.425512 -0.899642  0.935930 0.478108 0
0  0.129802 -0.866956 -0.044094  -0.096975 0.423562 -0.900661  0.930427 0.478108 0
back
0  -0.000338 0.799008 -0.026189  0.000000 1.000000 0.000000  0.103308 0.486998 0
0  -0.009531 0.799008 -0.035142  0.000000 1.000000 0.000000  0.103308 0.482553 0
0  -0.009531 0.799008 -0.021791  0.000000 1.000000 -0.000001  0.103308 0.489181 0
back
0  -0.000338 0.799008 -0.026189  0.000000 1.000000 0.000000  0.103308 0.486998 0
0  0.003820 0.799008 -0.035142  0.000000 1.000000 0.000000  0.103308 0.482553 0
0  -0.009531 0.799008 -0.035142  0.000000 1.000000 0.000000  0.103308 0.482553 0
back
0  -0.009531 0.799008 -0.048492  -0.431563 0.000000 -0.902083  0.103308 0.475925 0
0  -0.018724 -0.799008 -0.044094  -0.431564 0.000000 -0.902082  0.896692 0.478108 0
0  -0.018724 0.799008 -0.044094  -0.431563 0.000000 -0.902083  0.103308 0.478108 0
back
0  -0.009531 0.799008 -0.048492  -0.431563 0.000000 -0.902083  0.103308 0.475925 0
0  -0.009531 -0.799008 -0.048492  -0.431564 0.000000 -0.902082  0.896692 0.475925 0
0  -0.018724 -0.799008 -0.044094  -0.431564 0.000000 -0.902082  0.896692 0.478108 0
back
0  -0.009531 0.799008 -0.035142  0.000000 1.000000 0.000000  0.103308 0.482553 0
0  -0.018724 0.799008 -0.044094  0.000000 1.000000 0.000002  0.103308 0.478108 0
0  -0.022882 0.799008 -0.035142  0.000000 1.000000 0.000001  0.103308 0.482553 0
back
0  -0.009531 0.799008 -0.035142  0.000000 1.000000 0.000000  0.103308 0.482553 0
0  -0.009531 0.799008 -0.048492  0.000000 1.000000 0.000000  0.103308 0.475925 0
0  -0.018724 0.799008 -0.044094  0.000000 1.000000 0.000002  0.103308 0.478108 0
back
0  -0.009531 -0.799008 -0.021791  -0.431563 0.000000 0.902083  0.896692 0.489181 0
0  -0.018724 0.799008 -0.026189  -0.431563 0.000000 0.902083  0.103308 0.486998 0
0  -0.018724 -0.799008 -0.026189  -0.431563 0.000000 0.902083  0.896692 0.486998 0
back
0  -0.009531 -0.799008 -0.021791  -0.431563 0.000000 0.902083  0.896692 0.489181 0
0  -0.009531 0.799008 -0.021791  -0.431563 0.000000 0.902083  0.103308 0.489181 0
0  -0.018724 0.799008 -0.026189  -0.431563 0.000000 0.902083  0.103308 0.486998 0
back
0  0.165494 0.799008 -0.021791  0.000000 1.000000 0.000000  0.103308 0.489181 0
0  0.174687 0.799008 -0.035141  0.000000 1.000000 0.000000  0.103308 0.482553 0
0  0.165494 0.799008 -0.035142  0.000000 1.000000 0.000000  0.103308 0.482553 0
back
0  0.165494 0.799008 -0.021791  0.000000 1.000000 0.000000  0.103308 0.489181 0
0  0.174687 0.799008 -0.026189  0.000000 1.000000 0.000000  0.103308 0.486998 0
0  0.174687 0.799008 -0.035141  0.000000 1.000000 0.000000  0.103308 0.482553 0
back
0  0.165494 0.799008 -0.035142  0.000000 1.000000 0.000000  0.103308 0.482553 0
0  0.156301 0.799008 -0.044094  0.000000 1.000000 0.000000  0.103308 0.478108 0
0  0.156301 0.799008 -0.035142  0.000000 1.000000 0.000000  0.103308 0.482553 0
back
0  0.165494 0.799008 -0.035142  0.000000 1.000000 0.000000  0.103308 0.482553 0
0  0.165494 0.799008 -0.044094  0.000000 1.000000 0.000000  0.103308 0.478108 0
0  0.156301 0.799008 -0.044094  0.000000 1.000000 0.000000  0.103308 0.478108 0
back
0  0.174687 0.799008 -0.044094  0.000000 1.000000 0.000000  0.103308 0.478108 0
0  0.165494 0.799008 -0.035142  0.000000 1.000000 0.000000  0.103308 0.482553 0
0  0.174687 0.799008 -0.035141  0.000000 1.000000 0.000000  0.103308 0.482553 0
back
0  0.174687 0.799008 -0.044094  0.000000 1.000000 0.000000  0.103308 0.478108 0
0  0.165494 0.799008 -0.044094  0.000000 1.000000 0.000000  0.103308 0.478108 0
0  0.165494 0.799008 -0.035142  0.000000 1.000000 0.000000  0.103308 0.482553 0
back
0  0.165494 0.799008 -0.021791  0.000000 1.000000 0.000000  0.103308 0.489181 0
0  0.156301 0.799008 -0.035142  0.000000 1.000000 0.000000  0.103308 0.482553 0
0  0.156301 0.799008 -0.026189  0.000000 1.000000 0.000000  0.103308 0.486998 0
back
0  0.165494 0.799008 -0.021791  0.000000 1.000000 0.000000  0.103308 0.489181 0
0  0.165494 0.799008 -0.035142  0.000000 1.000000 0.000000  0.103308 0.482553 0
0  0.156301 0.799008 -0.035142  0.000000 1.000000 0.000000  0.103308 0.482553 0
back
0  0.174687 -0.799008 -0.026189  0.431563 -0.000000 0.902083  0.896692 0.486998 0
0  0.165494 0.799008 -0.021791  0.431563 -0.000000 0.902083  0.103308 0.489181 0
0  0.165494 -0.799008 -0.021791  0.431563 -0.000000 0.902083  0.896692 0.489181 0
back
0  0.174687 -0.799008 -0.026189  0.431563 -0.000000 0.902083  0.896692 0.486998 0
0  0.174687 0.799008 -0.026189  0.431563 -0.000000 0.902083  0.103308 0.486998 0
0  0.165494 0.799008 -0.021791  0.431563 -0.000000 0.902083  0.103308 0.489181 0
back
0  0.174687 0.799008 -0.044094  0.431564 -0.000000 -0.902083  0.103308 0.478108 0
0  0.165494 -0.799008 -0.048492  0.431562 -0.000000 -0.902083  0.896692 0.475925 0
0  0.165494 0.799008 -0.048492  0.431564 -0.000000 -0.902083  0.103308 0.475925 0
back
0  0.174687 0.799008 -0.044094  0.431564 -0.000000 -0.902083  0.103308 0.478108 0
0  0.174687 -0.799008 -0.044094  0.431562 -0.000000 -0.902083  0.896692 0.478108 0
0  0.165494 -0.799008 -0.048492  0.431562 -0.000000 -0.902083  0.896692 0.475925 0
back
0  0.156301 -0.799008 -0.026189  -0.903636 0.079161 0.420923  0.896692 0.486998 0
0  0.147996 -0.846203 -0.035141  -0.903792 0.079269 0.420567  0.920124 0.482553 0
0  0.152110 -0.846806 -0.026189  -0.903748 0.079242 0.420667  0.920423 0.486998 0
back
0  0.156301 -0.799008 -0.026189  -0.903636 0.079161 0.420923  0.896692 0.486998 0
0  0.152143 -0.799008 -0.035142  -0.904094 0.079451 0.419884  0.896692 0.482553 0
0  0.147996 -0.846203 -0.035141  -0.903792 0.079269 0.420567  0.920124 0.482553 0
back
0  0.165494 -0.799008 -0.021791  -0.430745 0.037637 0.901689  0.896692 0.489181 0
0  0.152110 -0.846806 -0.026189  -0.430617 0.037606 0.901751  0.920423 0.486998 0
0  0.161206 -0.848138 -0.021791  -0.430524 0.037576 0.901797  0.921084 0.489181 0
back
0  0.165494 -0.799008 -0.021791  -0.430745 0.037637 0.901689  0.896692 0.489181 0
0  0.156301 -0.799008 -0.026189  -0.431256 0.037813 0.901437  0.896692 0.486998 0
0  0.152110 -0.846806 -0.026189  -0.430617 0.037606 0.901751  0.920423 0.486998 0
back
0  0.174687 -0.799008 -0.026189  0.430751 -0.037469 0.901693  0.896692 0.486998 0
0  0.161206 -0.848138 -0.021791  0.430634 -0.037441 0.901749  0.921084 0.489181 0
0  0.170302 -0.849470 -0.026189  0.430547 -0.037413 0.901793  0.921746 0.486998 0
back
0  0.174687 -0.799008 -0.026189  0.430751 -0.037469 0.901693  0.896692 0.486998 0
0  0.165494 -0.799008 -0.021791  0.431257 -0.037639 0.901443  0.896692 0.489181 0
0  0.161206 -0.848138 -0.021791  0.430634 -0.037441 0.901749  0.921084 0.489181 0
back
0  0.178845 -0.799008 -0.035141  0.903631 -0.078264 0.421100  0.896692 0.482553 0
0  0.170302 -0.849470 -0.026189  0.903883 -0.078421 0.420530  0.921746 0.486998 0
0  0.174416 -0.850073 -0.035142  0.903848 -0.078401 0.420608  0.922045 0.482553 0
back
0  0.178845 -0.799008 -0.035141  0.903631 -0.078264 0.421100  0.896692 0.482553 0
0  0.174687 -0.799008 -0.026189  0.904138 -0.078567 0.419954  0.896692 0.486998 0
0  0.170302 -0.849470 -0.026189  0.903883 -0.078421 0.420530  0.921746 0.486998 0
back
0  0.174687 -0.799008 -0.044094  0.903716 -0.078579 -0.420859  0.896692 0.478108 0
0  0.174416 -0.850073 -0.035142  0.903860 -0.078524 -0.420560  0.922045 0.482553 0
0  0.170302 -0.849470 -0.044094  0.903816 -0.078540 -0.420651  0.921746 0.478108 0
back
0  0.174687 -0.799008 -0.044094  0.903716 -0.078579 -0.420859  0.896692 0.478108 0
0  0.178845 -0.799008 -0.035141  0.904168 -0.078412 -0.419919  0.896692 0.482553 0
0  0.174416 -0.850073 -0.035142  0.903860 -0.078524 -0.420560  0.922045 0.482553 0
back
0  0.165494 -0.799008 -0.048492  0.431171 -0.037488 -0.901491  0.896692 0.475925 0
0  0.170302 -0.849470 -0.044094  0.430622 -0.037562 -0.901750  0.921746 0.478108 0
0  0.161206 -0.848138 -0.048492  0.430524 -0.037575 -0.901796  0.921084 0.475925 0
back
0  0.165494 -0.799008 -0.048492  0.431171 -0.037488 -0.901491  0.896692 0.475925 0
0  0.174687 -0.799008 -0.044094  0.431260 -0.037475 -0.901449  0.896692 0.478108 0
0  0.170302 -0.849470 -0.044094  0.430622 -0.037562 -0.901750  0.921746 0.478108 0
back
0  0.156301 -0.799008 -0.044094  -0.430563 0.037750 -0.901771  0.896692 0.478108 0
0  0.161206 -0.848138 -0.048492  -0.430604 0.037732 -0.901752  0.921084 0.475925 0
0  0.152110 -0.846806 -0.044094  -0.430501 0.037747 -0.901800  0.920423 0.478108 0
back
0  0.156301 -0.799008 -0.044094  -0.430563 0.037750 -0.901771  0.896692 0.478108 0
0  0.165494 -0.799008 -0.048492  -0.431258 0.037640 -0.901443  0.896692 0.475925 0
0  0.161206 -0.848138 -0.048492  -0.430604 0.037732 -0.901752  0.921084 0.475925 0
back
0  0.152143 -0.799008 -0.035142  -0.903656 0.079442 -0.420827  0.896692 0.482553 0
0  0.152110 -0.846806 -0.044094  -0.903651 0.079447 -0.420835  0.920423 0.478108 0
0  0.147996 -0.846203 -0.035141  -0.903750 0.079404 -0.420631  0.920124 0.482553 0
back
0  0.152143 -0.799008 -0.035142  -0.903656 0.079442 -0.420827  0.896692 0.482553 0
0  0.156301 -0.799008 -0.044094  -0.904088 0.079271 -0.419929  0.896692 0.478108 0
0  0.152110 -0.846806 -0.044094  -0.903651 0.079447 -0.420835  0.920423 0.478108 0
back
0  0.029139 -0.868811 -0.044094  0.157799 0.897413 -0.412006  0.931348 0.478108 0
0  0.081389 -0.873889 -0.035142  0.157842 0.897264 -0.412314  0.933869 0.482553 0
0  0.081625 -0.878040 -0.044094  0.157802 0.897433 -0.411962  0.935930 0.478108 0
back
0  0.029139 -0.868811 -0.044094  0.157799 0.897413 -0.412006  0.931348 0.478108 0
0  0.029841 -0.864713 -0.035142  0.158948 0.892917 -0.421230  0.929314 0.482553 0
0  0.081389 -0.873889 -0.035142  0.157842 0.897264 -0.412314  0.933869 0.482553 0
back
0  0.029139 -0.868811 -0.026189  0.076385 0.434432 0.897460  0.931348 0.486998 0
0  0.082145 -0.887219 -0.021791  0.076393 0.434445 0.897453  0.940487 0.489181 0
0  0.081625 -0.878040 -0.026189  0.076375 0.434350 0.897501  0.935930 0.486998 0
back
0  0.029139 -0.868811 -0.026189  0.076385 0.434432 0.897460  0.931348 0.486998 0
0  0.027586 -0.877873 -0.021791  0.072859 0.425326 0.902103  0.935847 0.489181 0
0  0.082145 -0.887219 -0.021791  0.076393 0.434445 0.897453  0.940487 0.489181 0
back
0  0.029841 -0.864713 -0.035142  0.159687 0.897147 0.411858  0.929314 0.482553 0
0  0.081625 -0.878040 -0.026189  0.159599 0.897023 0.412163  0.935930 0.486998 0
0  0.081389 -0.873889 -0.035142  0.159707 0.897187 0.411764  0.933869 0.482553 0
back
0  0.029841 -0.864713 -0.035142  0.159687 0.897147 0.411858  0.929314 0.482553 0
0  0.029139 -0.868811 -0.026189  0.157070 0.893270 0.421185  0.931348 0.486998 0
0  0.081625 -0.878040 -0.026189  0.159599 0.897023 0.412163  0.935930 0.486998 0
back
0  0.025332 -0.891032 -0.035142  -0.148550 -0.898629 -0.412795  0.942380 0.482553 0
0  0.082665 -0.896397 -0.044094  -0.148537 -0.898669 -0.412712  0.945044 0.478108 0
0  0.082900 -0.900548 -0.035142  -0.148544 -0.898629 -0.412796  0.947105 0.482553 0
back
0  0.025332 -0.891032 -0.035142  -0.148550 -0.898629 -0.412795  0.942380 0.482553 0
0  0.026034 -0.886934 -0.044094  -0.149479 -0.894553 -0.421225  0.940346 0.478108 0
0  0.082665 -0.896397 -0.044094  -0.148537 -0.898669 -0.412712  0.945044 0.478108 0
back
0  0.081625 -0.878040 -0.026189  -0.097368 0.423282 0.900751  0.935930 0.486998 0
0  0.132944 -0.875596 -0.021791  -0.097354 0.423469 0.900664  0.934717 0.489181 0
0  0.129802 -0.866956 -0.026189  -0.097352 0.423144 0.900817  0.930427 0.486998 0
back
0  0.081625 -0.878040 -0.026189  -0.097368 0.423282 0.900751  0.935930 0.486998 0
0  0.082145 -0.887219 -0.021791  -0.097368 0.425553 0.899680  0.940487 0.489181 0
0  0.132944 -0.875596 -0.021791  -0.097354 0.423469 0.900664  0.934717 0.489181 0
back
0  0.081625 -0.878040 -0.044094  -0.203563 0.884972 -0.418793  0.935930 0.478108 0
0  0.128381 -0.863049 -0.035141  -0.203431 0.884780 -0.419261  0.928487 0.482553 0
0  0.129802 -0.866956 -0.044094  -0.203626 0.885067 -0.418561  0.930427 0.478108 0
back
0  0.081625 -0.878040 -0.044094  -0.203563 0.884972 -0.418793  0.935930 0.478108 0
0  0.081389 -0.873889 -0.035142  -0.204373 0.886000 -0.416216  0.933869 0.482553 0
0  0.128381 -0.863049 -0.035141  -0.203431 0.884780 -0.419261  0.928487 0.482553 0
back
0  0.082145 -0.887219 -0.021791  0.096865 -0.423214 0.900837  0.940487 0.489181 0
0  0.136085 -0.884236 -0.026189  0.096878 -0.422742 0.901057  0.939006 0.486998 0
0  0.132944 -0.875596 -0.021791  0.096856 -0.423313 0.900791  0.934717 0.489181 0
back
0  0.082145 -0.887219 -0.021791  0.096865 -0.423214 0.900837  0.940487 0.489181 0
0  0.082665 -0.896397 -0.026189  0.096895 -0.425634 0.899693  0.945044 0.486998 0
0  0.136085 -0.884236 -0.026189  0.096878 -0.422742 0.901057  0.939006 0.486998 0
back
0  0.027586 -0.877873 -0.021791  -0.074427 -0.434442 0.897619  0.935847 0.489181 0
0  0.082665 -0.896397 -0.026189  -0.074498 -0.434628 0.897523  0.945044 0.486998 0
0  0.082145 -0.887219 -0.021791  -0.074407 -0.434364 0.897659  0.940487 0.489181 0
back
0  0.027586 -0.877873 -0.021791  -0.074427 -0.434442 0.897619  0.935847 0.489181 0
0  0.026034 -0.886934 -0.026189  -0.071130 -0.425675 0.902076  0.940346 0.486998 0
0  0.082665 -0.896397 -0.026189  -0.074498 -0.434628 0.897523  0.945044 0.486998 0
back
0  0.027586 -0.877873 -0.048492  0.074415 0.434453 -0.897615  0.935847 0.475925 0
0  0.081625 -0.878040 -0.044094  0.074411 0.434628 -0.897531  0.935930 0.478108 0
0  0.082145 -0.887219 -0.048492  0.074400 0.434322 -0.897680  0.940487 0.475925 0
back
0  0.027586 -0.877873 -0.048492  0.074415 0.434453 -0.897615  0.935847 0.475925 0
0  0.029139 -0.868811 -0.044094  0.074732 0.425006 -0.902100  0.931348 0.478108 0
0  0.081625 -0.878040 -0.044094  0.074411 0.434628 -0.897531  0.935930 0.478108 0
back
0  0.026034 -0.886934 -0.044094  -0.072590 -0.434404 -0.897788  0.940346 0.478108 0
0  0.082145 -0.887219 -0.048492  -0.072581 -0.434765 -0.897614  0.940487 0.475925 0
0  0.082665 -0.896397 -0.044094  -0.072579 -0.434344 -0.897818  0.945044 0.478108 0
back
0  0.026034 -0.886934 -0.044094  -0.072590 -0.434404 -0.897788  0.940346 0.478108 0
0  0.027586 -0.877873 -0.048492  -0.072867 -0.425372 -0.902081  0.935847 0.475925 0
0  0.082145 -0.887219 -0.048492  -0.072581 -0.434765 -0.897614  0.940487 0.475925 0
back
0  0.026034 -0.886934 -0.026189  -0.150123 -0.898424 0.412672  0.940346 0.486998 0
0  0.082900 -0.900548 -0.035142  -0.149994 -0.898217 0.413169  0.947105 0.482553 0
0  0.082665 -0.896397 -0.026189  -0.150129 -0.898443 0.412627  0.945044 0.486998 0
back
0  0.026034 -0.886934 -0.026189  -0.150123 -0.898424 0.412672  0.940346 0.486998 0
0  0.025332 -0.891032 -0.035142  -0.147916 -0.894834 0.421180  0.942380 0.482553 0
0  0.082900 -0.900548 -0.035142  -0.149994 -0.898217 0.413169  0.947105 0.482553 0
back
0  -0.000338 -0.799008 -0.026189  0.431563 -0.000000 0.902083  0.896692 0.486998 0
0  -0.009531 0.799008 -0.021791  0.431563 -0.000000 0.902083  0.103308 0.489181 0
0  -0.009531 -0.799008 -0.021791  0.431563 -0.000000 0.902083  0.896692 0.489181 0
back
0  -0.000338 -0.799008 -0.026189  0.431563 -0.000000 0.902083  0.896692 0.486998 0
0  -0.000338 0.799008 -0.026189  0.431563 -0.000000 0.902083  0.103308 0.486998 0
0  -0.009531 0.799008 -0.021791  0.431563 -0.000000 0.902083  0.103308 0.489181 0
back
0  0.003820 0.799008 -0.035142  0.000000 1.000000 0.000000  0.103308 0.482553 0
0  -0.009531 0.799008 -0.048492  0.000000 1.000000 0.000000  0.103308 0.475925 0
0  -0.009531 0.799008 -0.035142  0.000000 1.000000 0.000000  0.103308 0.482553 0
back
0  0.003820 0.799008 -0.035142  0.000000 1.000000 0.000000  0.103308 0.482553 0
0  -0.000338 0.799008 -0.044094  0.000000 1.000000 0.000000  0.103308 0.478108 0
0  -0.009531 0.799008 -0.048492  0.000000 1.000000 0.000000  0.103308 0.475925 0
back
0  -0.000338 0.799008 -0.044094  0.431564 -0.000000 -0.902083  0.103308 0.478108 0
0  -0.009531 -0.799008 -0.048492  0.431562 -0.000000 -0.902083  0.896692 0.475925 0
0  -0.009531 0.799008 -0.048492  0.431564 -0.000000 -0.902083  0.103308 0.475925 0
back
0  -0.000338 0.799008 -0.044094  0.431564 -0.000000 -0.902083  0.103308 0.478108 0
0  -0.000338 -0.799008 -0.044094  0.431562 -0.000000 -0.902083  0.896692 0.478108 0
0  -0.009531 -0.799008 -0.048492  0.431562 -0.000000 -0.902083  0.896692 0.475925 0
back
0  -0.009531 0.799008 -0.021791  0.000000 1.000000 -0.000001  0.103308 0.489181 0
0  -0.022882 0.799008 -0.035142  0.000000 1.000000 0.000001  0.103308 0.482553 0
0  -0.018724 0.799008 -0.026189  0.000000 1.000000 -0.000007  0.103308 0.486998 0
back
0  -0.009531 0.799008 -0.021791  0.000000 1.000000 -0.000001  0.103308 0.489181 0
0  -0.009531 0.799008 -0.035142  0.000000 1.000000 0.000000  0.103308 0.482553 0
0  -0.022882 0.799008 -0.035142  0.000000 1.000000 0.000001  0.103308 0.482553 0
back
0  -0.000338 0.799008 -0.044094  0.906942 -0.000000 -0.421255  0.103308 0.478108 0
0  0.003820 -0.799008 -0.035142  0.906984 0.000010 -0.421165  0.896692 0.482553 0
0  -0.000338 -0.799008 -0.044094  0.907081 0.006341 -0.420908  0.896692 0.478108 0
back
0  -0.000338 0.799008 -0.044094  0.906942 -0.000000 -0.421255  0.103308 0.478108 0
0  0.003820 0.799008 -0.035142  0.906942 -0.000000 -0.421255  0.103308 0.482553 0
0  0.003820 -0.799008 -0.035142  0.906984 0.000010 -0.421165  0.896692 0.482553 0
back
0  0.003820 0.799008 -0.035142  0.906960 -0.000000 0.421216  0.103308 0.482553 0
0  -0.000338 -0.799008 -0.026189  0.906960 -0.000000 0.421216  0.896692 0.486998 0
0  0.003820 -0.799008 -0.035142  0.906961 -0.000000 0.421216  0.896692 0.482553 0
back
0  0.003820 0.799008 -0.035142  0.906960 -0.000000 0.421216  0.103308 0.482553 0
0  -0.000338 0.799008 -0.026189  0.906960 -0.000000 0.421216  0.103308 0.486998 0
0  -0.000338 -0.799008 -0.026189  0.906960 -0.000000 0.421216  0.896692 0.486998 0
back
0  -0.022882 -0.799008 -0.035142  -0.906960 0.000000 0.421216  0.896692 0.482553 0
0  -0.018724 0.799008 -0.026189  -0.906960 0.000000 0.421216  0.103308 0.486998 0
0  -0.022882 0.799008 -0.035142  -0.906961 0.000000 0.421216  0.103308 0.482553 0
back
0  -0.022882 -0.799008 -0.035142  -0.906960 0.000000 0.421216  0.896692 0.482553 0
0  -0.018724 -0.799008 -0.026189  -0.906960 0.000000 0.421216  0.896692 0.486998 0
0  -0.018724 0.799008 -0.026189  -0.906960 0.000000 0.421216  0.103308 0.486998 0
back
0  0.156301 -0.799008 -0.044094  -0.906942 0.000000 -0.421255  0.896692 0.478108 0
0  0.152143 0.799008 -0.035142  -0.906942 0.000000 -0.421255  0.103308 0.482553 0
0  0.156301 0.799008 -0.044094  -0.906942 0.000000 -0.421255  0.103308 0.478108 0
back
0  0.156301 -0.799008 -0.044094  -0.906942 0.000000 -0.421255  0.896692 0.478108 0
0  0.152143 -0.799008 -0.035142  -0.906942 0.000000 -0.421255  0.896692 0.482553 0
0  0.152143 0.799008 -0.035142  -0.906942 0.000000 -0.421255  0.103308 0.482553 0
back
0  0.174687 0.799008 -0.044094  0.906960 -0.000000 -0.421216  0.103308 0.478108 0
0  0.178845 -0.799008 -0.035141  0.906960 -0.000000 -0.421216  0.896692 0.482553 0
0  0.174687 -0.799008 -0.044094  0.906960 -0.000000 -0.421216  0.896692 0.478108 0
back
0  0.174687 0.799008 -0.044094  0.906960 -0.000000 -0.421216  0.103308 0.478108 0
0  0.178845 0.799008 -0.035141  0.906961 -0.000000 -0.421216  0.103308 0.482553 0
0  0.178845 -0.799008 -0.035141  0.906960 -0.000000 -0.421216  0.896692 0.482553 0
back
0  0.178845 0.799008 -0.035141  0.906942 -0.000000 0.421255  0.103308 0.482553 0
0  0.174687 -0.799008 -0.026189  0.906942 -0.000000 0.421255  0.896692 0.486998 0
0  0.178845 -0.799008 -0.035141  0.906942 -0.000000 0.421255  0.896692 0.482553 0
back
0  0.178845 0.799008 -0.035141  0.906942 -0.000000 0.421255  0.103308 0.482553 0
0  0.174687 0.799008 -0.026189  0.906942 -0.000000 0.421255  0.103308 0.486998 0
0  0.174687 -0.799008 -0.026189  0.906942 -0.000000 0.421255  0.896692 0.486998 0
back
0  -0.018724 -0.799008 -0.044094  -0.906942 0.000000 -0.421255  0.896692 0.478108 0
0  -0.022882 0.799008 -0.035142  -0.906942 0.000000 -0.421255  0.103308 0.482553 0
0  -0.018724 0.799008 -0.044094  -0.906942 0.000000 -0.421255  0.103308 0.478108 0
back
0  -0.018724 -0.799008 -0.044094  -0.906942 0.000000 -0.421255  0.896692 0.478108 0
0  -0.022882 -0.799008 -0.035142  -0.906942 0.000000 -0.421255  0.896692 0.482553 0
0  -0.022882 0.799008 -0.035142  -0.906942 0.000000 -0.421255  0.103308 0.482553 0
back
0  0.174687 0.799008 -0.026189  0.000000 1.000000 0.000000  0.103308 0.486998 0
0  0.178845 0.799008 -0.035141  0.000000 1.000000 0.000000  0.103308 0.482553 0
0  0.174687 0.799008 -0.035141  0.000000 1.000000 0.000000  0.103308 0.482553 0
back
0  0.156301 0.799008 -0.035142  0.000000 1.000000 0.000000  0.103308 0.482553 0
0  0.156301 0.799008 -0.044094  0.000000 1.000000 0.000000  0.103308 0.478108 0
0  0.152143 0.799008 -0.035142  0.000000 1.000000 0.000000  0.103308 0.482553 0
back
0  0.174687 0.799008 -0.044094  0.000000 1.000000 0.000000  0.103308 0.478108 0
0  0.165494 0.799008 -0.048492  0.000000 1.000000 0.000000  0.103308 0.475925 0
0  0.165494 0.799008 -0.044094  0.000000 1.000000 0.000000  0.103308 0.478108 0
back
0  0.136085 -0.884236 -0.026189  0.662486 -0.642299 0.385441  0.939006 0.486998 0
0  0.137506 -0.888143 -0.035142  0.662486 -0.642299 0.385441  0.940946 0.482553 0
0  0.174416 -0.850073 -0.035142  0.662486 -0.642299 0.385441  0.922045 0.482553 0
back
0  0.165494 0.799008 -0.044094  0.000000 1.000000 0.000000  0.103308 0.478108 0
0  0.165494 0.799008 -0.048492  0.000000 1.000000 0.000000  0.103308 0.475925 0
0  0.156301 0.799008 -0.044094  0.000000 1.000000 0.000000  0.103308 0.478108 0
back
0  0.136085 -0.884236 -0.044094  0.323653 -0.333129 -0.885592  0.939006 0.478108 0
0  0.132944 -0.875596 -0.048492  0.323653 -0.333129 -0.885592  0.934717 0.475925 0
0  0.161206 -0.848138 -0.048492  0.323653 -0.333129 -0.885592  0.921084 0.475925 0
back
0  0.178845 0.799008 -0.035141  0.000000 1.000000 0.000000  0.103308 0.482553 0
0  0.174687 0.799008 -0.044094  0.000000 1.000000 0.000000  0.103308 0.478108 0
0  0.174687 0.799008 -0.035141  0.000000 1.000000 0.000000  0.103308 0.482553 0
back
0  0.132944 -0.875596 -0.048492  -0.307527 0.340463 -0.888545  0.934717 0.475925 0
0  0.129802 -0.866956 -0.044094  -0.307527 0.340463 -0.888545  0.930427 0.478108 0
0  0.152110 -0.846806 -0.044094  -0.307527 0.340463 -0.888545  0.920423 0.478108 0
back
0  -0.018724 -0.799008 -0.044094  -0.514743 -0.067978 -0.854646  0.896692 0.478108 0
0  -0.005258 -0.845682 -0.048492  -0.514743 -0.067978 -0.854646  0.919865 0.475925 0
0  -0.011693 -0.852248 -0.044094  -0.514743 -0.067978 -0.854646  0.923125 0.478108 0
back
0  0.132944 -0.875596 -0.021791  0.333721 -0.328452 0.883600  0.934717 0.489181 0
0  0.136085 -0.884236 -0.026189  0.333721 -0.328452 0.883600  0.939006 0.486998 0
0  0.170302 -0.849470 -0.026189  0.333721 -0.328452 0.883600  0.921746 0.486998 0
back
0  -0.009531 -0.799008 -0.048492  0.529418 0.048468 -0.846975  0.896692 0.475925 0
0  0.001177 -0.839117 -0.044094  0.529418 0.048468 -0.846975  0.916606 0.478108 0
0  -0.005258 -0.845682 -0.048492  0.529418 0.048468 -0.846975  0.919865 0.475925 0
back
0  0.137506 -0.888143 -0.035142  0.657280 -0.646901 -0.386655  0.940946 0.482553 0
0  0.136085 -0.884236 -0.044094  0.657280 -0.646901 -0.386655  0.939006 0.478108 0
0  0.170302 -0.849470 -0.044094  0.657280 -0.646901 -0.386655  0.921746 0.478108 0
back
0  -0.009531 -0.799008 -0.021791  -0.529413 -0.048468 0.846978  0.896692 0.489181 0
0  -0.011693 -0.852248 -0.026189  -0.529413 -0.048468 0.846978  0.923125 0.486998 0
0  -0.005258 -0.845682 -0.021791  -0.529413 -0.048468 0.846978  0.919865 0.489181 0
back
0  0.128381 -0.863049 -0.035141  -0.615721 0.681663 0.395250  0.928487 0.482553 0
0  0.129802 -0.866956 -0.026189  -0.615721 0.681663 0.395250  0.930427 0.486998 0
0  0.152110 -0.846806 -0.026189  -0.615721 0.681663 0.395250  0.920423 0.486998 0
back
0  -0.018724 -0.799008 -0.026189  -0.931101 -0.122963 0.343412  0.896692 0.486998 0
0  -0.014603 -0.855217 -0.035142  -0.931101 -0.122963 0.343412  0.924599 0.482553 0
0  -0.011693 -0.852248 -0.026189  -0.931101 -0.122963 0.343412  0.923125 0.486998 0
back
0  0.129802 -0.866956 -0.026189  -0.323633 0.333109 0.885607  0.930427 0.486998 0
0  0.132944 -0.875596 -0.021791  -0.323633 0.333109 0.885607  0.934717 0.489181 0
0  0.161206 -0.848138 -0.021791  -0.323633 0.333109 0.885607  0.921084 0.489181 0
back
0  0.004087 -0.836147 -0.035142  0.697757 0.629070 0.342646  0.915131 0.482553 0
0  0.029139 -0.868811 -0.026189  0.697757 0.629070 0.342646  0.931348 0.486998 0
0  0.029841 -0.864713 -0.035142  0.697757 0.629070 0.342646  0.929314 0.482553 0
back
0  0.129802 -0.866956 -0.044094  -0.597566 0.695790 -0.398486  0.930427 0.478108 0
0  0.128381 -0.863049 -0.035141  -0.597566 0.695790 -0.398486  0.928487 0.482553 0
0  0.147996 -0.846203 -0.035141  -0.597566 0.695790 -0.398486  0.920124 0.482553 0
back
0  -0.014603 -0.855217 -0.035142  -0.621367 -0.692847 -0.365877  0.924599 0.482553 0
0  0.026034 -0.886934 -0.044094  -0.621367 -0.692847 -0.365877  0.940346 0.478108 0
0  0.025332 -0.891032 -0.035142  -0.621367 -0.692847 -0.365877  0.942380 0.482553 0
back
0  -0.005258 -0.845682 -0.048492  0.314393 0.296055 -0.901947  0.919865 0.475925 0
0  0.001177 -0.839117 -0.044094  0.314393 0.296055 -0.901947  0.916606 0.478108 0
0  0.029139 -0.868811 -0.044094  0.314393 0.296055 -0.901947  0.931348 0.478108 0
back
0  -0.011693 -0.852248 -0.026189  -0.630554 -0.685837 0.363359  0.923125 0.486998 0
0  0.025332 -0.891032 -0.035142  -0.630554 -0.685837 0.363359  0.942380 0.482553 0
0  0.026034 -0.886934 -0.026189  -0.630554 -0.685837 0.363359  0.940346 0.486998 0
back
0  -0.005258 -0.845682 -0.021791  -0.292194 -0.317811 0.902008  0.919865 0.489181 0
0  -0.011693 -0.852248 -0.026189  -0.292194 -0.317811 0.902008  0.923125 0.486998 0
0  0.026034 -0.886934 -0.026189  -0.292194 -0.317811 0.902008  0.940346 0.486998 0
back
0  -0.011693 -0.852248 -0.044094  -0.335000 -0.364370 -0.868913  0.923125 0.478108 0
0  0.027586 -0.877873 -0.048492  -0.335000 -0.364370 -0.868913  0.935847 0.475925 0
0  0.026034 -0.886934 -0.044094  -0.335000 -0.364370 -0.868913  0.940346 0.478108 0
back
0  0.001177 -0.839117 -0.044094  0.673830 0.607499 -0.420592  0.916606 0.478108 0
0  0.004087 -0.836147 -0.035142  0.673830 0.607499 -0.420592  0.915131 0.482553 0
0  0.029841 -0.864713 -0.035142  0.673830 0.607499 -0.420592  0.929314 0.482553 0
back
0  -0.022882 -0.799008 -0.035142  -0.927875 -0.136666 -0.346946  0.896692 0.482553 0
0  -0.011693 -0.852248 -0.044094  -0.927875 -0.136666 -0.346946  0.923125 0.478108 0
0  -0.014603 -0.855217 -0.035142  -0.927875 -0.136666 -0.346946  0.924599 0.482553 0
back
0  0.001177 -0.839117 -0.026189  0.302082 0.308210 0.902082  0.916606 0.486998 0
0  -0.005258 -0.845682 -0.021791  0.302082 0.308210 0.902082  0.919865 0.489181 0
0  0.027586 -0.877873 -0.021791  0.302082 0.308210 0.902082  0.935847 0.489181 0
back
0  -0.000338 -0.799008 -0.044094  0.946858 0.035765 -0.319658  0.896692 0.478108 0
0  0.004087 -0.836147 -0.035142  0.946858 0.035765 -0.319658  0.915131 0.482553 0
0  0.001177 -0.839117 -0.044094  0.946858 0.035765 -0.319658  0.916606 0.478108 0
back
0  -0.000338 -0.799008 -0.026189  0.431227 0.039479 0.901379  0.896692 0.486998 0
0  -0.009531 -0.799008 -0.021791  0.431227 0.039479 0.901379  0.896692 0.489181 0
0  -0.005258 -0.845682 -0.021791  0.431227 0.039479 0.901379  0.919865 0.489181 0
back
0  0.003820 -0.799008 -0.035142  0.950335 0.006832 0.311154  0.896692 0.482553 0
0  0.001177 -0.839117 -0.026189  0.950335 0.006832 0.311154  0.916606 0.486998 0
0  0.004087 -0.836147 -0.035142  0.950335 0.006832 0.311154  0.915131 0.482553 0
back
0  0.003820 -0.799008 -0.035142  0.906429 0.034238 0.420969  0.896692 0.482553 0
0  -0.000338 -0.799008 -0.026189  0.906429 0.034238 0.420969  0.896692 0.486998 0
0  0.001177 -0.839117 -0.026189  0.906429 0.034238 0.420969  0.916606 0.486998 0
back
0  -0.000338 -0.799008 -0.026189  0.549614 0.020760 0.835161  0.896692 0.486998 0
0  -0.005258 -0.845682 -0.021791  0.549614 0.020760 0.835161  0.919865 0.489181 0
0  0.001177 -0.839117 -0.026189  0.549614 0.020760 0.835161  0.916606 0.486998 0
back
0  -0.000338 -0.799008 -0.044094  0.907081 0.006341 -0.420908  0.896692 0.478108 0
0  0.003820 -0.799008 -0.035142  0.906984 0.000010 -0.421165  0.896692 0.482553 0
0  0.004087 -0.836147 -0.035142  0.906923 0.006520 -0.421246  0.915131 0.482553 0
back
0  0.001177 -0.839117 -0.026189  0.374069 0.352250 0.857900  0.916606 0.486998 0
0  0.027586 -0.877873 -0.021791  0.374069 0.352250 0.857900  0.935847 0.489181 0
0  0.029139 -0.868811 -0.026189  0.374069 0.352250 0.857900  0.931348 0.486998 0
back
0  -0.022882 -0.799008 -0.035142  -0.900505 -0.118923 -0.418267  0.896692 0.482553 0
0  -0.018724 -0.799008 -0.044094  -0.900505 -0.118923 -0.418267  0.896692 0.478108 0
0  -0.011693 -0.852248 -0.044094  -0.900505 -0.118923 -0.418267  0.923125 0.478108 0
back
0  0.001177 -0.839117 -0.044094  0.682580 0.642766 -0.347760  0.916606 0.478108 0
0  0.029841 -0.864713 -0.035142  0.682580 0.642766 -0.347760  0.929314 0.482553 0
0  0.029139 -0.868811 -0.044094  0.682580 0.642766 -0.347760  0.931348 0.478108 0
back
0  -0.011693 -0.852248 -0.044094  -0.302068 -0.308195 -0.902093  0.923125 0.478108 0
0  -0.005258 -0.845682 -0.048492  -0.302068 -0.308195 -0.902093  0.919865 0.475925 0
0  0.027586 -0.877873 -0.048492  -0.302068 -0.308195 -0.902093  0.935847 0.475925 0
back
0  -0.005258 -0.845682 -0.021791  -0.352071 -0.359214 0.864298  0.919865 0.489181 0
0  0.026034 -0.886934 -0.026189  -0.352071 -0.359214 0.864298  0.940346 0.486998 0
0  0.027586 -0.877873 -0.021791  -0.352071 -0.359214 0.864298  0.935847 0.489181 0
back
0  -0.011693 -0.852248 -0.026189  -0.605666 -0.675340 0.420814  0.923125 0.486998 0
0  -0.014603 -0.855217 -0.035142  -0.605666 -0.675340 0.420814  0.924599 0.482553 0
0  0.025332 -0.891032 -0.035142  -0.605666 -0.675340 0.420814  0.942380 0.482553 0
back
0  -0.005258 -0.845682 -0.048492  0.352016 0.359156 -0.864345  0.919865 0.475925 0
0  0.029139 -0.868811 -0.044094  0.352016 0.359156 -0.864345  0.931348 0.478108 0
0  0.027586 -0.877873 -0.048492  0.352016 0.359156 -0.864345  0.935847 0.475925 0
back
0  -0.014603 -0.855217 -0.035142  -0.613904 -0.667727 -0.421026  0.924599 0.482553 0
0  -0.011693 -0.852248 -0.044094  -0.613904 -0.667727 -0.421026  0.923125 0.478108 0
0  0.026034 -0.886934 -0.044094  -0.613904 -0.667727 -0.421026  0.940346 0.478108 0
back
0  0.129802 -0.866956 -0.044094  -0.631081 0.698668 -0.337047  0.930427 0.478108 0
0  0.147996 -0.846203 -0.035141  -0.631081 0.698668 -0.337047  0.920124 0.482553 0
0  0.152110 -0.846806 -0.044094  -0.631081 0.698668 -0.337047  0.920423 0.478108 0
back
0  0.004087 -0.836147 -0.035142  0.660381 0.621862 0.420934  0.915131 0.482553 0
0  0.001177 -0.839117 -0.026189  0.660381 0.621862 0.420934  0.916606 0.486998 0
0  0.029139 -0.868811 -0.026189  0.660381 0.621862 0.420934  0.931348 0.486998 0
back
0  0.129802 -0.866956 -0.026189  -0.353500 0.391359 0.849633  0.930427 0.486998 0
0  0.161206 -0.848138 -0.021791  -0.353500 0.391359 0.849633  0.921084 0.489181 0
0  0.152110 -0.846806 -0.026189  -0.353500 0.391359 0.849633  0.920423 0.486998 0
back
0  -0.018724 -0.799008 -0.026189  -0.898975 -0.132410 0.417507  0.896692 0.486998 0
0  -0.022882 -0.799008 -0.035142  -0.898975 -0.132410 0.417507  0.896692 0.482553 0
0  -0.014603 -0.855217 -0.035142  -0.898975 -0.132410 0.417507  0.924599 0.482553 0
back
0  0.128381 -0.863049 -0.035141  -0.614852 0.715918 0.330785  0.928487 0.482553 0
0  0.152110 -0.846806 -0.026189  -0.614852 0.715918 0.330785  0.920423 0.486998 0
0  0.147996 -0.846203 -0.035141  -0.614852 0.715918 0.330785  0.920124 0.482553 0
back
0  -0.009531 -0.799008 -0.021791  -0.430863 -0.056901 0.900622  0.896692 0.489181 0
0  -0.018724 -0.799008 -0.026189  -0.430863 -0.056901 0.900622  0.896692 0.486998 0
0  -0.011693 -0.852248 -0.026189  -0.430863 -0.056901 0.900622  0.923125 0.486998 0
back
0  0.137506 -0.888143 -0.035142  0.671841 -0.651370 -0.352629  0.940946 0.482553 0
0  0.170302 -0.849470 -0.044094  0.671841 -0.651370 -0.352629  0.921746 0.478108 0
0  0.174416 -0.850073 -0.035142  0.671841 -0.651370 -0.352629  0.922045 0.482553 0
back
0  -0.009531 -0.799008 -0.048492  0.431506 0.016299 -0.901963  0.896692 0.475925 0
0  -0.000338 -0.799008 -0.044094  0.431506 0.016299 -0.901963  0.896692 0.478108 0
0  0.001177 -0.839117 -0.044094  0.431506 0.016299 -0.901963  0.916606 0.478108 0
back
0  0.132944 -0.875596 -0.021791  0.359825 -0.370361 0.856363  0.934717 0.489181 0
0  0.170302 -0.849470 -0.026189  0.359825 -0.370361 0.856363  0.921746 0.486998 0
0  0.161206 -0.848138 -0.021791  0.359825 -0.370361 0.856363  0.921084 0.489181 0
back
0  -0.018724 -0.799008 -0.044094  -0.431227 -0.039479 -0.901379  0.896692 0.478108 0
0  -0.009531 -0.799008 -0.048492  -0.431227 -0.039479 -0.901379  0.896692 0.475925 0
0  -0.005258 -0.845682 -0.048492  -0.431227 -0.039479 -0.901379  0.919865 0.475925 0
back
0  0.132944 -0.875596 -0.048492  -0.359827 0.370362 -0.856362  0.934717 0.475925 0
0  0.152110 -0.846806 -0.044094  -0.359827 0.370362 -0.856362  0.920423 0.478108 0
0  0.161206 -0.848138 -0.048492  -0.359827 0.370362 -0.856362  0.921084 0.475925 0
back
0  0.136085 -0.884236 -0.026189  0.667391 -0.656853 0.350903  0.939006 0.486998 0
0  0.174416 -0.850073 -0.035142  0.667391 -0.656853 0.350903  0.922045 0.482553 0
0  0.170302 -0.849470 -0.026189  0.667391 -0.656853 0.350903  0.921746 0.486998 0
back
0  0.136085 -0.884236 -0.044094  0.363501 -0.357762 -0.860159  0.939006 0.478108 0
0  0.161206 -0.848138 -0.048492  0.363501 -0.357762 -0.860159  0.921084 0.475925 0
0  0.170302 -0.849470 -0.044094  0.363501 -0.357762 -0.860159  0.921746 0.478108 0
back
0  0.137123 0.877130 -0.050754  0.683765 0.729702 0.000000  0.064522 0.474802 0
0  0.153310 0.861962 -0.019937  0.683765 0.729703 0.000000  0.072052 0.490102 0
0  0.153310 0.861962 -0.050754  0.683765 0.729702 0.000000  0.072052 0.474802 0
back
0  0.137123 0.877130 -0.050754  0.683765 0.729702 0.000000  0.064522 0.474802 0
0  0.137123 0.877130 -0.019937  0.683764 0.729703 0.000000  0.064522 0.490102 0
0  0.153310 0.861962 -0.019937  0.683765 0.729703 0.000000  0.072052 0.490102 0
back
0  -0.029040 0.775717 -0.019937  0.000000 0.000000 1.000000  0.114871 0.490102 0
0  0.184596 0.775717 -0.019937  0.000000 0.000000 1.000000  0.114871 0.490102 0
0  0.182544 0.799512 -0.019937  0.000000 0.000000 1.000000  0.103057 0.490102 0
back
0  0.182544 0.799512 -0.019937  0.000000 0.000000 1.000000  0.103057 0.490102 0
0  -0.026987 0.799512 -0.019937  0.000000 0.000000 1.000000  0.103057 0.490102 0
0  -0.029040 0.775717 -0.019937  0.000000 0.000000 1.000000  0.114871 0.490102 0
back
0  0.182544 0.799512 -0.019937  0.000000 0.000000 1.000000  0.103057 0.490102 0
0  0.176465 0.822393 -0.019937  0.000000 0.000000 1.000000  0.091698 0.490102 0
0  -0.026987 0.799512 -0.019937  0.000000 0.000000 1.000000  0.103057 0.490102 0
back
0  0.176465 0.822393 -0.019937  0.000000 0.000000 1.000000  0.091698 0.490102 0
0  -0.020909 0.822393 -0.019937  0.000000 0.000000 1.000000  0.091698 0.490102 0
0  -0.026987 0.799512 -0.019937  0.000000 0.000000 1.000000  0.103057 0.490102 0
back
0  -0.020909 0.822393 -0.019937  0.000000 0.000000 1.000000  0.091698 0.490102 0
0  0.176465 0.822393 -0.019937  0.000000 0.000000 1.000000  0.091698 0.490102 0
0  0.166594 0.843479 -0.019937  0.000000 0.000000 1.000000  0.081229 0.490102 0
back
0  -0.011038 0.843479 -0.019937  0.000000 0.000000 1.000000  0.081229 0.490102 0
0  -0.020909 0.822393 -0.019937  0.000000 0.000000 1.000000  0.091698 0.490102 0
0  0.166594 0.843479 -0.019937  0.000000 0.000000 1.000000  0.081229 0.490102 0
back
0  0.002246 0.861962 -0.019937  0.000000 0.000000 1.000000  0.072052 0.490102 0
0  -0.011038 0.843479 -0.019937  0.000000 0.000000 1.000000  0.081229 0.490102 0
0  0.166594 0.843479 -0.019937  0.000000 0.000000 1.000000  0.081229 0.490102 0
back
0  0.166594 0.843479 -0.019937  0.000000 0.000000 1.000000  0.081229 0.490102 0
0  0.153310 0.861962 -0.019937  0.000000 0.000000 1.000000  0.072052 0.490102 0
0  0.002246 0.861962 -0.019937  0.000000 0.000000 1.000000  0.072052 0.490102 0
back
0  0.018433 0.877130 -0.019937  0.000000 0.000000 1.000000  0.064522 0.490102 0
0  0.002246 0.861962 -0.019937  0.000000 0.000000 1.000000  0.072052 0.490102 0
0  0.153310 0.861962 -0.019937  0.000000 0.000000 1.000000  0.072052 0.490102 0
back
0  0.153310 0.861962 -0.019937  0.000000 0.000000 1.000000  0.072052 0.490102 0
0  0.137123 0.877130 -0.019937  0.000000 0.000000 1.000000  0.064522 0.490102 0
0  0.018433 0.877130 -0.019937  0.000000 0.000000 1.000000  0.064522 0.490102 0
back
0  0.137123 0.877130 -0.019937  0.000000 0.000000 1.000000  0.064522 0.490102 0
0  0.118656 0.888401 -0.019937  0.000000 0.000000 1.000000  0.058926 0.490102 0
0  0.018433 0.877130 -0.019937  0.000000 0.000000 1.000000  0.064522 0.490102 0
back
0  0.118656 0.888401 -0.019937  0.000000 0.000000 1.000000  0.058926 0.490102 0
0  0.036901 0.888402 -0.019937  0.000000 0.000000 1.000000  0.058925 0.490102 0
0  0.018433 0.877130 -0.019937  0.000000 0.000000 1.000000  0.064522 0.490102 0
back
0  0.098617 0.895342 -0.019937  0.000000 0.000000 1.000000  0.055480 0.490102 0
0  0.036901 0.888402 -0.019937  0.000000 0.000000 1.000000  0.058925 0.490102 0
0  0.118656 0.888401 -0.019937  0.000000 0.000000 1.000000  0.058926 0.490102 0
back
0  0.056939 0.895342 -0.019937  0.000000 0.000000 1.000000  0.055480 0.490102 0
0  0.036901 0.888402 -0.019937  0.000000 0.000000 1.000000  0.058925 0.490102 0
0  0.098617 0.895342 -0.019937  0.000000 0.000000 1.000000  0.055480 0.490102 0
back
0  0.098617 0.895342 -0.019937  0.000000 0.000000 1.000000  0.055480 0.490102 0
0  0.077778 0.897686 -0.019937  0.000000 0.000000 1.000000  0.054316 0.490102 0
0  0.056939 0.895342 -0.019937  0.000000 0.000000 1.000000  0.055480 0.490102 0
back
0  -0.011038 0.843479 -0.050754  -0.812029 0.583616 0.000000  0.081229 0.474802 0
0  0.002246 0.861962 -0.019937  -0.812029 0.583616 0.000000  0.072052 0.490102 0
0  0.002246 0.861962 -0.050754  -0.812029 0.583616 0.000000  0.072052 0.474802 0
back
0  -0.011038 0.843479 -0.050754  -0.812029 0.583616 0.000000  0.081229 0.474802 0
0  -0.011038 0.843479 -0.019937  -0.812029 0.583616 0.000000  0.081229 0.490102 0
0  0.002246 0.861962 -0.019937  -0.812029 0.583616 0.000000  0.072052 0.490102 0
back
0  0.118656 0.888401 -0.050754  0.520966 0.853578 0.000000  0.058926 0.474802 0
0  0.137123 0.877130 -0.019937  0.520966 0.853577 0.000000  0.064522 0.490102 0
0  0.137123 0.877130 -0.050754  0.520966 0.853578 0.000000  0.064522 0.474802 0
back
0  0.118656 0.888401 -0.050754  0.520966 0.853578 0.000000  0.058926 0.474802 0
0  0.118656 0.888401 -0.019937  0.520966 0.853577 0.000000  0.058926 0.490102 0
0  0.137123 0.877130 -0.019937  0.520966 0.853577 0.000000  0.064522 0.490102 0
back
0  -0.020909 0.822393 -0.050754  -0.905674 0.423974 0.000000  0.091698 0.474802 0
0  -0.011038 0.843479 -0.019937  -0.905674 0.423974 0.000000  0.081229 0.490102 0
0  -0.011038 0.843479 -0.050754  -0.905674 0.423974 0.000000  0.081229 0.474802 0
back
0  -0.020909 0.822393 -0.050754  -0.905674 0.423974 0.000000  0.091698 0.474802 0
0  -0.020909 0.822393 -0.019937  -0.905674 0.423974 0.000000  0.091698 0.490102 0
0  -0.011038 0.843479 -0.019937  -0.905674 0.423974 0.000000  0.081229 0.490102 0
back
0  0.098617 0.895342 -0.050754  0.327298 0.944921 0.000000  0.055480 0.474802 0
0  0.118656 0.888401 -0.019937  0.327298 0.944921 0.000000  0.058926 0.490102 0
0  0.118656 0.888401 -0.050754  0.327297 0.944921 0.000000  0.058926 0.474802 0
back
0  0.098617 0.895342 -0.050754  0.327298 0.944921 0.000000  0.055480 0.474802 0
0  0.098617 0.895342 -0.019937  0.327298 0.944921 0.000000  0.055480 0.490102 0
0  0.118656 0.888401 -0.019937  0.327298 0.944921 0.000000  0.058926 0.490102 0
back
0  0.184596 0.775717 -0.050754  0.000000 -1.000000 0.000000  0.114871 0.474802 0
0  -0.029040 0.775717 -0.019937  0.000000 -1.000000 0.000000  0.114871 0.490102 0
0  -0.029040 0.775717 -0.050754  0.000000 -1.000000 0.000000  0.114871 0.474802 0
back
0  0.184596 0.775717 -0.050754  0.000000 -1.000000 0.000000  0.114871 0.474802 0
0  0.184596 0.775717 -0.019937  0.000000 -1.000000 0.000000  0.114871 0.490102 0
0  -0.029040 0.775717 -0.019937  0.000000 -1.000000 0.000000  0.114871 0.490102 0
back
0  -0.026987 0.799512 -0.050754  -0.966483 0.256732 0.000000  0.103057 0.474802 0
0  -0.020909 0.822393 -0.019937  -0.966483 0.256732 0.000000  0.091698 0.490102 0
0  -0.020909 0.822393 -0.050754  -0.966483 0.256732 0.000000  0.091698 0.474802 0
back
0  -0.026987 0.799512 -0.050754  -0.966483 0.256732 0.000000  0.103057 0.474802 0
0  -0.026987 0.799512 -0.019937  -0.966483 0.256732 0.000000  0.103057 0.490102 0
0  -0.020909 0.822393 -0.019937  -0.966483 0.256732 0.000000  0.091698 0.490102 0
back
0  0.077778 0.897686 -0.050754  0.111777 0.993733 0.000000  0.054316 0.474802 0
0  0.098617 0.895342 -0.019937  0.111777 0.993733 0.000000  0.055480 0.490102 0
0  0.098617 0.895342 -0.050754  0.111777 0.993733 0.000000  0.055480 0.474802 0
back
0  0.077778 0.897686 -0.050754  0.111777 0.993733 0.000000  0.054316 0.474802 0
0  0.077778 0.897686 -0.019937  0.111777 0.993733 0.000000  0.054316 0.490102 0
0  0.098617 0.895342 -0.019937  0.111777 0.993733 0.000000  0.055480 0.490102 0
back
0  0.182544 0.799512 -0.050754  0.996302 0.085917 0.000000  0.103057 0.474802 0
0  0.184596 0.775717 -0.019937  0.996302 0.085918 0.000000  0.114871 0.490102 0
0  0.184596 0.775717 -0.050754  0.996302 0.085917 0.000000  0.114871 0.474802 0
back
0  0.182544 0.799512 -0.050754  0.996302 0.085917 0.000000  0.103057 0.474802 0
0  0.182544 0.799512 -0.019937  0.996302 0.085918 0.000000  0.103057 0.490102 0
0  0.184596 0.775717 -0.019937  0.996302 0.085918 0.000000  0.114871 0.490102 0
back
0  -0.029040 0.775717 -0.050754  -0.996299 0.085959 0.000000  0.114871 0.474802 0
0  -0.026987 0.799512 -0.019937  -0.996299 0.085959 0.000000  0.103057 0.490102 0
0  -0.026987 0.799512 -0.050754  -0.996299 0.085959 0.000000  0.103057 0.474802 0
back
0  -0.029040 0.775717 -0.050754  -0.996299 0.085959 0.000000  0.114871 0.474802 0
0  -0.029040 0.775717 -0.019937  -0.996299 0.085959 0.000000  0.114871 0.490102 0
0  -0.026987 0.799512 -0.019937  -0.996299 0.085959 0.000000  0.103057 0.490102 0
back
0  0.056939 0.895342 -0.050754  -0.111777 0.993733 0.000000  0.055480 0.474802 0
0  0.077778 0.897686 -0.019937  -0.111777 0.993733 0.000000  0.054316 0.490102 0
0  0.077778 0.897686 -0.050754  -0.111777 0.993733 0.000000  0.054316 0.474802 0
back
0  0.056939 0.895342 -0.050754  -0.111777 0.993733 0.000000  0.055480 0.474802 0
0  0.056939 0.895342 -0.019937  -0.111777 0.993733 0.000000  0.055480 0.490102 0
0  0.077778 0.897686 -0.019937  -0.111777 0.993733 0.000000  0.054316 0.490102 0
back
0  0.176465 0.822393 -0.050754  0.966472 0.256772 0.000000  0.091698 0.474802 0
0  0.182544 0.799512 -0.019937  0.966472 0.256771 0.000000  0.103057 0.490102 0
0  0.182544 0.799512 -0.050754  0.966472 0.256773 0.000000  0.103057 0.474802 0
back
0  0.176465 0.822393 -0.050754  0.966472 0.256772 0.000000  0.091698 0.474802 0
0  0.176465 0.822393 -0.019937  0.966472 0.256770 0.000000  0.091698 0.490102 0
0  0.182544 0.799512 -0.019937  0.966472 0.256771 0.000000  0.103057 0.490102 0
back
0  0.036901 0.888402 -0.050754  -0.327270 0.944931 0.000000  0.058925 0.474802 0
0  0.056939 0.895342 -0.019937  -0.327270 0.944931 0.000000  0.055480 0.490102 0
0  0.056939 0.895342 -0.050754  -0.327270 0.944931 0.000000  0.055480 0.474802 0
back
0  0.036901 0.888402 -0.050754  -0.327270 0.944931 0.000000  0.058925 0.474802 0
0  0.036901 0.888402 -0.019937  -0.327270 0.944931 0.000000  0.058925 0.490102 0
0  0.056939 0.895342 -0.019937  -0.327270 0.944931 0.000000  0.055480 0.490102 0
back
0  0.166594 0.843479 -0.050754  0.905674 0.423975 0.000000  0.081229 0.474802 0
0  0.176465 0.822393 -0.019937  0.905674 0.423975 0.000000  0.091698 0.490102 0
0  0.176465 0.822393 -0.050754  0.905674 0.423975 0.000000  0.091698 0.474802 0
back
0  0.166594 0.843479 -0.050754  0.905674 0.423975 0.000000  0.081229 0.474802 0
0  0.166594 0.843479 -0.019937  0.905674 0.423975 0.000000  0.081229 0.490102 0
0  0.176465 0.822393 -0.019937  0.905674 0.423975 0.000000  0.091698 0.490102 0
back
0  0.018433 0.877130 -0.050754  -0.520979 0.853569 0.000000  0.064522 0.474802 0
0  0.036901 0.888402 -0.019937  -0.520979 0.853569 0.000000  0.058925 0.490102 0
0  0.036901 0.888402 -0.050754  -0.520979 0.853569 0.000000  0.058925 0.474802 0
back
0  0.018433 0.877130 -0.050754  -0.520979 0.853569 0.000000  0.064522 0.474802 0
0  0.018433 0.877130 -0.019937  -0.520979 0.853569 0.000000  0.064522 0.490102 0
0  0.036901 0.888402 -0.019937  -0.520979 0.853569 0.000000  0.058925 0.490102 0
back
0  0.153310 0.861962 -0.050754  0.812030 0.583616 0.000000  0.072052 0.474802 0
0  0.166594 0.843479 -0.019937  0.812030 0.583616 0.000000  0.081229 0.490102 0
0  0.166594 0.843479 -0.050754  0.812030 0.583616 0.000000  0.081229 0.474802 0
back
0  0.153310 0.861962 -0.050754  0.812030 0.583616 0.000000  0.072052 0.474802 0
0  0.153310 0.861962 -0.019937  0.812030 0.583616 0.000000  0.072052 0.490102 0
0  0.166594 0.843479 -0.019937  0.812030 0.583616 0.000000  0.081229 0.490102 0
back
0  0.002246 0.861962 -0.050754  -0.683765 0.729703 0.000000  0.072052 0.474802 0
0  0.018433 0.877130 -0.019937  -0.683765 0.729703 0.000000  0.064522 0.490102 0
0  0.018433 0.877130 -0.050754  -0.683765 0.729703 0.000000  0.064522 0.474802 0
back
0  0.002246 0.861962 -0.050754  -0.683765 0.729703 0.000000  0.072052 0.474802 0
0  0.002246 0.861962 -0.019937  -0.683765 0.729703 0.000000  0.072052 0.490102 0
0  0.018433 0.877130 -0.019937  -0.683765 0.729703 0.000000  0.064522 0.490102 0
back
0  -0.029040 0.775717 -0.050754  0.000000 0.000000 -1.000000  0.114871 0.474802 0
0  -0.026987 0.799512 -0.050754  0.000000 0.000000 -1.000000  0.103057 0.474802 0
0  0.184596 0.775717 -0.050754  0.000000 0.000000 -1.000000  0.114871 0.474802 0
back
0  0.184596 0.775717 -0.050754  0.000000 0.000000 -1.000000  0.114871 0.474802 0
0  -0.026987 0.799512 -0.050754  0.000000 0.000000 -1.000000  0.103057 0.474802 0
0  0.182544 0.799512 -0.050754  0.000000 0.000000 -1.000000  0.103057 0.474802 0
back
0  0.182544 0.799512 -0.050754  0.000000 0.000000 -1.000000  0.103057 0.474802 0
0  -0.026987 0.799512 -0.050754  0.000000 0.000000 -1.000000  0.103057 0.474802 0
0  -0.020909 0.822393 -0.050754  0.000000 0.000000 -1.000000  0.091698 0.474802 0
back
0  0.176465 0.822393 -0.050754  0.000000 0.000000 -1.000000  0.091698 0.474802 0
0  0.182544 0.799512 -0.050754  0.000000 0.000000 -1.000000  0.103057 0.474802 0
0  -0.020909 0.822393 -0.050754  0.000000 0.000000 -1.000000  0.091698 0.474802 0
back
0  -0.020909 0.822393 -0.050754  0.000000 0.000000 -1.000000  0.091698 0.474802 0
0  0.166594 0.843479 -0.050754  0.000000 0.000000 -1.000000  0.081229 0.474802 0
0  0.176465 0.822393 -0.050754  0.000000 0.000000 -1.000000  0.091698 0.474802 0
back
0  -0.020909 0.822393 -0.050754  0.000000 0.000000 -1.000000  0.091698 0.474802 0
0  -0.011038 0.843479 -0.050754  0.000000 0.000000 -1.000000  0.081229 0.474802 0
0  0.166594 0.843479 -0.050754  0.000000 0.000000 -1.000000  0.081229 0.474802 0
back
0  0.153310 0.861962 -0.050754  0.000000 0.000000 -1.000000  0.072052 0.474802 0
0  0.166594 0.843479 -0.050754  0.000000 0.000000 -1.000000  0.081229 0.474802 0
0  -0.011038 0.843479 -0.050754  0.000000 0.000000 -1.000000  0.081229 0.474802 0
back
0  -0.011038 0.843479 -0.050754  0.000000 0.000000 -1.000000  0.081229 0.474802 0
0  0.002246 0.861962 -0.050754  0.000000 0.000000 -1.000000  0.072052 0.474802 0
0  0.153310 0.861962 -0.050754  0.000000 0.000000 -1.000000  0.072052 0.474802 0
back
0  0.137123 0.877130 -0.050754  0.000000 0.000000 -1.000000  0.064522 0.474802 0
0  0.153310 0.861962 -0.050754  0.000000 0.000000 -1.000000  0.072052 0.474802 0
0  0.002246 0.861962 -0.050754  0.000000 0.000000 -1.000000  0.072052 0.474802 0
back
0  0.002246 0.861962 -0.050754  0.000000 0.000000 -1.000000  0.072052 0.474802 0
0  0.018433 0.877130 -0.050754  0.000000 0.000000 -1.000000  0.064522 0.474802 0
0  0.137123 0.877130 -0.050754  0.000000 0.000000 -1.000000  0.064522 0.474802 0
back
0  0.118656 0.888401 -0.050754  0.000000 0.000000 -1.000000  0.058926 0.474802 0
0  0.137123 0.877130 -0.050754  0.000000 0.000000 -1.000000  0.064522 0.474802 0
0  0.018433 0.877130 -0.050754  0.000000 0.000000 -1.000000  0.064522 0.474802 0
back
0  0.018433 0.877130 -0.050754  0.000000 0.000000 -1.000000  0.064522 0.474802 0
0  0.036901 0.888402 -0.050754  0.000000 0.000000 -1.000000  0.058925 0.474802 0
0  0.118656 0.888401 -0.050754  0.000000 0.000000 -1.000000  0.058926 0.474802 0
back
0  0.036901 0.888402 -0.050754  0.000000 0.000000 -1.000000  0.058925 0.474802 0
0  0.098617 0.895342 -0.050754  0.000000 0.000000 -1.000000  0.055480 0.474802 0
0  0.118656 0.888401 -0.050754  0.000000 0.000000 -1.000000  0.058926 0.474802 0
back
0  0.036901 0.888402 -0.050754  0.000000 0.000000 -1.000000  0.058925 0.474802 0
0  0.056939 0.895342 -0.050754  0.000000 0.000000 -1.000000  0.055480 0.474802 0
0  0.098617 0.895342 -0.050754  0.000000 0.000000 -1.000000  0.055480 0.474802 0
back
0  0.077778 0.897686 -0.050754  0.000000 0.000000 -1.000000  0.054316 0.474802 0
0  0.098617 0.895342 -0.050754  0.000000 0.000000 -1.000000  0.055480 0.474802 0
0  0.056939 0.895342 -0.050754  0.000000 0.000000 -1.000000  0.055480 0.474802 0
front
0  -0.028208 0.982258 -0.180133  0.000000 0.995185 -0.098017  0.012327 0.410567 0
0  -0.048148 0.982258 -0.180133  0.000000 0.995185 -0.098017  0.012327 0.410567 0
0  -0.048148 0.998527 -0.014957  0.000000 0.995185 -0.098017  0.004250 0.492574 0
front
0  -0.028207 0.916795 0.395939  0.000000 0.881921 0.471397  0.044829 0.696576 0
0  -0.048148 0.916795 0.395939  0.000000 0.881921 0.471397  0.044829 0.696576 0
0  -0.048148 0.838555 0.542315  0.000000 0.881921 0.471397  0.083674 0.769249 0
front
0  -0.028207 0.821935 0.567188  0.000000 0.773010 0.634394  0.091925 0.781598 0
0  -0.048148 0.821935 0.567188  0.000000 0.773010 0.634394  0.091925 0.781598 0
0  -0.048148 0.716642 0.695489  0.000000 0.773010 0.634394  0.144201 0.845297 0
front
0  -0.028207 0.695489 0.716642  0.000000 0.634394 0.773010  0.154703 0.855799 0
0  -0.048148 0.695489 0.716642  0.000000 0.634394 0.773010  0.154703 0.855799 0
0  -0.048148 0.567188 0.821935  0.000000 0.634394 0.773010  0.218402 0.908075 0
front
0  -0.028207 0.542315 0.838555  0.000000 0.471397 0.881921  0.230751 0.916326 0
0  -0.048148 0.542315 0.838555  0.000000 0.471397 0.881921  0.230751 0.916326 0
0  -0.048148 0.395939 0.916795  0.000000 0.471397 0.881921  0.303424 0.955171 0
front
0  -0.028207 0.368301 0.928242  0.000000 0.290284 0.956940  0.317146 0.960855 0
0  -0.048148 0.368301 0.928242  0.000000 0.290284 0.956940  0.317146 0.960855 0
0  -0.048148 0.209473 0.976422  0.000000 0.290284 0.956940  0.396001 0.984775 0
front
0  -0.028207 0.180133 0.982258  0.000000 0.098017 0.995185  0.410567 0.987673 0
0  -0.048148 0.180133 0.982258  0.000000 0.098017 0.995185  0.410567 0.987673 0
0  -0.048148 0.014957 0.998527  0.000000 0.098017 0.995185  0.492574 0.995750 0
front
0  -0.028207 -0.014957 0.998527  0.000000 -0.098017 0.995185  0.507426 0.995750 0
0  -0.048148 -0.014957 0.998527  0.000000 -0.098017 0.995185  0.507426 0.995750 0
0  -0.048148 -0.180133 0.982258  0.000000 -0.098017 0.995185  0.589432 0.987673 0
front
0  -0.028207 -0.209473 0.976422  0.000000 -0.290284 0.956940  0.603999 0.984775 0
0  -0.048148 -0.209473 0.976422  0.000000 -0.290284 0.956940  0.603999 0.984775 0
0  -0.048148 -0.368301 0.928242  0.000000 -0.290284 0.956940  0.682854 0.960855 0
front
0  -0.028207 -0.395939 0.916795  0.000000 -0.471397 0.881921  0.696576 0.955171 0
0  -0.048148 -0.395939 0.916795  0.000000 -0.471397 0.881921  0.696576 0.955171 0
0  -0.048148 -0.542315 0.838555  0.000000 -0.471397 0.881921  0.769249 0.916326 0
front
0  -0.028207 -0.567188 0.821935  0.000000 -0.634394 0.773010  0.781598 0.908075 0
0  -0.048148 -0.567188 0.821935  0.000000 -0.634394 0.773010  0.781598 0.908075 0
0  -0.048148 -0.695489 0.716642  0.000000 -0.634394 0.773010  0.845297 0.855799 0
front
0  -0.028207 -0.716642 0.695489  0.000000 -0.773010 0.634393  0.855799 0.845297 0
0  -0.048148 -0.716642 0.695489  0.000000 -0.773010 0.634393  0.855799 0.845297 0
0  -0.048148 -0.821935 0.567188  0.000000 -0.773010 0.634393  0.908075 0.781598 0
front
0  -0.028207 -0.838555 0.542315  0.000000 -0.881921 0.471397  0.916326 0.769249 0
0  -0.048148 -0.838555 0.542315  0.000000 -0.881921 0.471397  0.916326 0.769249 0
0  -0.048148 -0.916795 0.395939  0.000000 -0.881921 0.471397  0.955171 0.696576 0
front
0  -0.028207 -0.928242 0.368301  0.000000 -0.956940 0.290284  0.960855 0.682854 0
0  -0.048148 -0.928242 0.368301  0.000000 -0.956940 0.290284  0.960855 0.682854 0
0  -0.048148 -0.976422 0.209473  0.000000 -0.956940 0.290284  0.984775 0.603999 0
front
0  -0.028207 -0.982258 0.180133  0.000000 -0.995185 0.098017  0.987673 0.589432 0
0  -0.048148 -0.982258 0.180133  0.000000 -0.995185 0.098017  0.987673 0.589432 0
0  -0.048148 -0.998527 0.014957  0.000000 -0.995185 0.098017  0.995750 0.507426 0
front
0  -0.028208 -0.998527 -0.014957  0.000000 -0.995185 -0.098018  0.995750 0.492574 0
0  -0.048148 -0.998527 -0.014957  0.000000 -0.995185 -0.098018  0.995750 0.492574 0
0  -0.048148 -0.982258 -0.180133  0.000000 -0.995185 -0.098018  0.987673 0.410567 0
front
0  -0.028208 -0.976422 -0.209473  0.000000 -0.956940 -0.290284  0.984775 0.396001 0
0  -0.048148 -0.976422 -0.209473  0.000000 -0.956940 -0.290284  0.984775 0.396001 0
0  -0.048148 -0.928242 -0.368301  0.000000 -0.956940 -0.290284  0.960855 0.317146 0
front
0  -0.028208 -0.916795 -0.395939  0.000000 -0.881921 -0.471397  0.955171 0.303424 0
0  -0.048148 -0.916795 -0.395939  0.000000 -0.881921 -0.471397  0.955171 0.303424 0
0  -0.048148 -0.838555 -0.542315  0.000000 -0.881921 -0.471397  0.916326 0.230751 0
front
0  -0.028208 -0.821935 -0.567188  0.000000 -0.773010 -0.634394  0.908075 0.218402 0
0  -0.048148 -0.821935 -0.567188  0.000000 -0.773010 -0.634394  0.908075 0.218402 0
0  -0.048148 -0.716642 -0.695489  0.000000 -0.773010 -0.634394  0.855799 0.154703 0
front
0  -0.028208 -0.695489 -0.716642  0.000000 -0.634393 -0.773010  0.845297 0.144201 0
0  -0.048148 -0.695489 -0.716642  0.000000 -0.634393 -0.773010  0.845297 0.144201 0
0  -0.048148 -0.567188 -0.821935  0.000000 -0.634393 -0.773010  0.781598 0.091925 0
front
0  -0.028208 -0.542315 -0.838555  0.000000 -0.471397 -0.881921  0.769249 0.083674 0
0  -0.048148 -0.542315 -0.838555  0.000000 -0.471397 -0.881921  0.769249 0.083674 0
0  -0.048148 -0.395939 -0.916795  0.000000 -0.471397 -0.881921  0.696576 0.044829 0
front
0  -0.028208 -0.368301 -0.928242  0.000000 -0.290284 -0.956940  0.682854 0.039145 0
0  -0.048148 -0.368301 -0.928242  0.000000 -0.290284 -0.956940  0.682854 0.039145 0
0  -0.048148 -0.209473 -0.976422  0.000000 -0.290284 -0.956940  0.603999 0.015225 0
front
0  -0.028208 -0.180133 -0.982258  0.000000 -0.098017 -0.995185  0.589432 0.012327 0
0  -0.048148 -0.180133 -0.982258  0.000000 -0.098017 -0.995185  0.589432 0.012327 0
0  -0.048148 -0.014957 -0.998527  0.000000 -0.098017 -0.995185  0.507426 0.004250 0
front
0  -0.028208 0.014957 -0.998527  0.000000 0.098017 -0.995185  0.492574 0.004250 0
0  -0.048148 0.014957 -0.998527  0.000000 0.098017 -0.995185  0.492574 0.004250 0
0  -0.048148 0.180133 -0.982258  0.000000 0.098017 -0.995185  0.410567 0.012327 0
front
0  -0.028208 0.209473 -0.976422  0.000000 0.290284 -0.956940  0.396001 0.015225 0
0  -0.048148 0.209473 -0.976422  0.000000 0.290284 -0.956940  0.396001 0.015225 0
0  -0.048148 0.368301 -0.928242  0.000000 0.290284 -0.956940  0.317146 0.039145 0
front
0  -0.028208 0.395939 -0.916795  0.000000 0.471397 -0.881921  0.303424 0.044829 0
0  -0.048148 0.395939 -0.916795  0.000000 0.471397 -0.881921  0.303424 0.044829 0
0  -0.048148 0.542315 -0.838555  0.000000 0.471397 -0.881921  0.230751 0.083674 0
front
0  -0.028208 0.567188 -0.821935  0.000000 0.634394 -0.773010  0.218402 0.091925 0
0  -0.048148 0.567188 -0.821935  0.000000 0.634394 -0.773010  0.218402 0.091925 0
0  -0.048148 0.695489 -0.716642  0.000000 0.634394 -0.773010  0.154703 0.144201 0
front
0  -0.028208 0.716642 -0.695489  0.000000 0.773010 -0.634394  0.144201 0.154703 0
0  -0.048148 0.716642 -0.695489  0.000000 0.773010 -0.634394  0.144201 0.154703 0
0  -0.048148 0.821935 -0.567188  0.000000 0.773010 -0.634394  0.091925 0.218402 0
front
0  -0.028208 0.838555 -0.542315  0.000000 0.881921 -0.471397  0.083674 0.230751 0
0  -0.048148 0.838555 -0.542315  0.000000 0.881921 -0.471397  0.083674 0.230751 0
0  -0.048148 0.916795 -0.395939  0.000000 0.881921 -0.471397  0.044829 0.303424 0
front
0  -0.028208 0.928242 -0.368301  0.000000 0.956940 -0.290284  0.039145 0.317146 0
0  -0.048148 0.928242 -0.368301  0.000000 0.956940 -0.290284  0.039145 0.317146 0
0  -0.048148 0.976422 -0.209473  0.000000 0.956940 -0.290284  0.015225 0.396001 0
front
0  -0.028207 0.976422 0.209473  0.000000 0.956940 0.290284  0.015225 0.603999 0
0  -0.048148 0.976422 0.209473  0.000000 0.956940 0.290284  0.015225 0.603999 0
0  -0.048148 0.928242 0.368301  0.000000 0.956940 0.290284  0.039145 0.682854 0
front
0  -0.063178 0.909927 0.376904  -1.000000 0.000000 0.000000  0.048239 0.687126 0
0  -0.063178 0.965973 0.192144  -1.000000 0.000000 0.000000  0.020413 0.595396 0
0  -0.063178 0.984897 0.000000  -1.000000 0.000000 0.000000  0.011017 0.500000 0
front
0  -0.063178 0.984897 0.000000  -1.000000 0.000001 0.000000  0.011017 0.500000 0
0  -0.063178 0.965973 -0.192144  -1.000000 0.000001 0.000000  0.020413 0.404604 0
0  -0.063178 0.909927 -0.376904  -1.000000 0.000001 0.000000  0.048239 0.312874 0
front
0  -0.063178 0.909927 -0.376904  -1.000000 -0.000001 0.000000  0.048239 0.312874 0
0  -0.063178 0.818912 -0.547180  -1.000000 -0.000001 0.000000  0.093426 0.228336 0
0  -0.063178 0.696428 -0.696428  -1.000000 -0.000001 0.000000  0.154237 0.154237 0
front
0  -0.063178 0.696428 -0.696428  -1.000000 0.000000 0.000000  0.154237 0.154237 0
0  -0.063178 0.547180 -0.818912  -1.000000 0.000000 0.000000  0.228336 0.093426 0
0  -0.063178 0.376904 -0.909927  -1.000000 0.000000 0.000000  0.312874 0.048239 0
front
0  -0.063178 0.376904 -0.909927  -1.000000 0.000000 -0.000000  0.312874 0.048239 0
0  -0.063178 0.192144 -0.965973  -1.000000 0.000000 -0.000000  0.404604 0.020413 0
0  -0.063178 0.000000 -0.984897  -1.000000 0.000000 -0.000000  0.500000 0.011017 0
front
0  -0.063178 0.000000 -0.984897  -1.000000 -0.000000 0.000000  0.500000 0.011017 0
0  -0.063178 -0.192144 -0.965973  -1.000000 -0.000000 0.000000  0.595396 0.020413 0
0  -0.063178 0.376904 -0.909927  -1.000000 -0.000000 0.000000  0.312874 0.048239 0
front
0  -0.063178 -0.192144 -0.965973  -1.000000 0.000000 0.000000  0.595396 0.020413 0
0  -0.063178 -0.376904 -0.909927  -1.000000 0.000000 0.000000  0.687126 0.048239 0
0  -0.063178 0.376904 -0.909927  -1.000000 0.000000 0.000000  0.312874 0.048239 0
front
0  -0.063178 -0.376904 -0.909927  -1.000000 0.000000 0.000000  0.687126 0.048239 0
0  -0.063178 -0.547180 -0.818912  -1.000000 0.000000 0.000000  0.771664 0.093426 0
0  -0.063178 -0.909927 -0.376904  -1.000000 0.000000 0.000000  0.951761 0.312874 0
front
0  -0.063178 -0.547180 -0.818912  -1.000000 -0.000001 0.000000  0.771664 0.093426 0
0  -0.063178 -0.696428 -0.696428  -1.000000 -0.000001 0.000000  0.845763 0.154237 0
0  -0.063178 -0.909927 -0.376904  -1.000000 -0.000001 0.000000  0.951761 0.312874 0
front
0  -0.063178 -0.696428 -0.696428  -1.000000 0.000001 0.000000  0.845763 0.154237 0
0  -0.063178 -0.818912 -0.547180  -1.000000 0.000001 0.000000  0.906574 0.228336 0
0  -0.063178 -0.909927 -0.376904  -1.000000 0.000001 0.000000  0.951761 0.312874 0
front
0  -0.063178 -0.909927 -0.376904  -1.000000 -0.000001 0.000000  0.951761 0.312874 0
0  -0.063178 -0.965973 -0.192144  -1.000000 -0.000001 0.000000  0.979587 0.404604 0
0  -0.063178 -0.984897 0.000000  -1.000000 -0.000001 0.000000  0.988983 0.500000 0
front
0  -0.063178 -0.984897 0.000000  -1.000000 -0.000000 0.000000  0.988983 0.500000 0
0  -0.063178 -0.965973 0.192144  -1.000000 -0.000000 0.000000  0.979587 0.595396 0
0  -0.063178 -0.909927 0.376904  -1.000000 -0.000000 0.000000  0.951761 0.687126 0
front
0  -0.063178 -0.909927 0.376904  -1.000000 -0.000000 0.000000  0.951761 0.687126 0
0  -0.063178 -0.818912 0.547180  -1.000000 -0.000000 0.000000  0.906574 0.771664 0
0  -0.063178 -0.696428 0.696428  -1.000000 -0.000000 0.000000  0.845763 0.845763 0
front
0  -0.063178 -0.696428 0.696428  -1.000000 0.000000 0.000000  0.845763 0.845763 0
0  -0.063178 -0.547180 0.818912  -1.000000 0.000000 0.000000  0.771664 0.906574 0
0  -0.063178 -0.376904 0.909927  -1.000000 0.000000 0.000000  0.687126 0.951761 0
front
0  -0.063178 -0.376904 0.909927  -1.000000 0.000000 0.000000  0.687126 0.951761 0
0  -0.063178 -0.192144 0.965973  -1.000000 0.000000 0.000000  0.595396 0.979587 0
0  -0.063178 -0.000000 0.984897  -1.000000 0.000000 0.000000  0.500000 0.988983 0
front
0  -0.063178 -0.000000 0.984897  -1.000000 0.000000 0.000000  0.500000 0.988983 0
0  -0.063178 0.192144 0.965973  -1.000000 0.000000 0.000000  0.404604 0.979587 0
0  -0.063178 -0.376904 0.909927  -1.000000 0.000000 0.000000  0.687126 0.951761 0
front
0  -0.063178 0.192144 0.965973  -1.000000 0.000000 0.000000  0.404604 0.979587 0
0  -0.063178 0.376904 0.909927  -1.000000 0.000000 0.000000  0.312874 0.951761 0
0  -0.063178 -0.376904 0.909927  -1.000000 0.000000 0.000000  0.687126 0.951761 0
front
0  -0.063178 0.376904 0.909927  -1.000000 -0.000000 0.000000  0.312874 0.951761 0
0  -0.063178 0.547180 0.818912  -1.000000 -0.000000 0.000000  0.228336 0.906574 0
0  -0.063178 0.909927 0.376904  -1.000000 -0.000000 0.000000  0.048239 0.687126 0
front
0  -0.063178 0.547180 0.818912  -1.000000 0.000000 0.000000  0.228336 0.906574 0
0  -0.063178 0.696428 0.696428  -1.000000 0.000000 0.000000  0.154237 0.845763 0
0  -0.063178 0.909927 0.376904  -1.000000 0.000000 0.000000  0.048239 0.687126 0
front
0  -0.063178 0.696428 0.696428  -1.000000 0.000000 0.000000  0.154237 0.845763 0
0  -0.063178 0.818912 0.547180  -1.000000 0.000000 0.000000  0.093426 0.771664 0
0  -0.063178 0.909927 0.376904  -1.000000 0.000000 0.000000  0.048239 0.687126 0
front
0  -0.063178 0.909927 0.376904  -1.000000 0.000000 0.000000  0.048239 0.687126 0
0  -0.063178 0.984897 0.000000  -1.000000 0.000000 0.000000  0.011017 0.500000 0
0  -0.063178 0.376904 -0.909927  -1.000000 0.000000 0.000000  0.312874 0.048239 0
front
0  -0.063178 0.984897 0.000000  -1.000000 0.000000 0.000000  0.011017 0.500000 0
0  -0.063178 0.909927 -0.376904  -1.000000 0.000000 0.000000  0.048239 0.312874 0
0  -0.063178 0.376904 -0.909927  -1.000000 0.000000 0.000000  0.312874 0.048239 0
front
0  -0.063178 0.909927 -0.376904  -1.000000 0.000000 0.000000  0.048239 0.312874 0
0  -0.063178 0.696428 -0.696428  -1.000000 0.000000 0.000000  0.154237 0.154237 0
0  -0.063178 0.376904 -0.909927  -1.000000 0.000000 0.000000  0.312874 0.048239 0
front
0  -0.063178 -0.909927 -0.376904  -1.000000 0.000000 0.000000  0.951761 0.312874 0
0  -0.063178 -0.984897 0.000000  -1.000000 0.000000 0.000000  0.988983 0.500000 0
0  -0.063178 -0.376904 0.909927  -1.000000 0.000000 0.000000  0.687126 0.951761 0
front
0  -0.063178 -0.984897 0.000000  -1.000000 0.000000 0.000000  0.988983 0.500000 0
0  -0.063178 -0.909927 0.376904  -1.000000 0.000000 0.000000  0.951761 0.687126 0
0  -0.063178 -0.376904 0.909927  -1.000000 0.000000 0.000000  0.687126 0.951761 0
front
0  -0.063178 -0.909927 0.376904  -1.000000 0.000000 0.000000  0.951761 0.687126 0
0  -0.063178 -0.696428 0.696428  -1.000000 0.000000 0.000000  0.845763 0.845763 0
0  -0.063178 -0.376904 0.909927  -1.000000 0.000000 0.000000  0.687126 0.951761 0
front
0  -0.063178 0.376904 -0.909927  -1.000000 0.000000 0.000000  0.312874 0.048239 0
0  -0.063178 -0.376904 -0.909927  -1.000000 0.000000 0.000000  0.687126 0.048239 0
0  -0.063178 -0.909927 -0.376904  -1.000000 0.000000 0.000000  0.951761 0.312874 0
front
0  -0.063178 -0.376904 0.909927  -1.000000 0.000000 0.000000  0.687126 0.951761 0
0  -0.063178 0.376904 0.909927  -1.000000 0.000000 0.000000  0.312874 0.951761 0
0  -0.063178 0.909927 0.376904  -1.000000 0.000000 0.000000  0.048239 0.687126 0
front
0  -0.063178 0.909927 0.376904  -1.000000 0.000000 0.000000  0.048239 0.687126 0
0  -0.063178 0.376904 -0.909927  -1.000000 0.000000 0.000000  0.312874 0.048239 0
0  -0.063178 -0.909927 -0.376904  -1.000000 0.000000 0.000000  0.951761 0.312874 0
front
0  -0.028208 0.998527 0.014957  0.000000 0.995185 0.098018  0.004250 0.507426 0
0  -0.048148 0.998527 0.014957  0.000000 0.995185 0.098018  0.004250 0.507426 0
0  -0.048148 0.982258 0.180133  0.000000 0.995185 0.098018  0.012327 0.589432 0
front
0  -0.028208 0.998527 0.014957  0.707108 0.703701 0.069308  0.004250 0.507426 0
0  -0.028207 0.982258 0.180133  0.707108 0.703701 0.069308  0.012327 0.589432 0
0  -0.013178 0.965973 0.192144  0.707108 0.703701 0.069308  0.020413 0.595396 0
front
0  -0.048148 0.982258 0.180133  -0.707107 0.703702 0.069309  0.012327 0.589432 0
0  -0.048148 0.998527 0.014957  -0.707107 0.703702 0.069309  0.004250 0.507426 0
0  -0.063178 0.984897 0.000000  -0.707107 0.703702 0.069309  0.011017 0.500000 0
front
0  -0.028208 0.998527 -0.014957  0.000000 1.000000 0.000000  0.004250 0.492574 0
0  -0.048148 0.998527 -0.014957  0.000000 1.000000 0.000000  0.004250 0.492574 0
0  -0.048148 0.998527 0.014957  0.000000 1.000000 0.000000  0.004250 0.507426 0
front
0  -0.048148 0.976422 0.209473  0.000000 0.980784 0.195096  0.015225 0.603999 0
0  -0.028207 0.976422 0.209473  0.000000 0.980784 0.195096  0.015225 0.603999 0
0  -0.028207 0.982258 0.180133  0.000000 0.980784 0.195096  0.012327 0.589432 0
front
0  -0.028207 0.976422 0.209473  0.707108 0.676658 0.205262  0.015225 0.603999 0
0  -0.028207 0.928242 0.368301  0.707108 0.676658 0.205262  0.039145 0.682854 0
0  -0.013178 0.909927 0.376904  0.707108 0.676658 0.205262  0.048239 0.687126 0
front
0  -0.048148 0.928242 0.368301  -0.707107 0.676659 0.205262  0.039145 0.682854 0
0  -0.048148 0.976422 0.209473  -0.707107 0.676659 0.205262  0.015225 0.603999 0
0  -0.063178 0.965973 0.192144  -0.707107 0.676659 0.205262  0.020413 0.595396 0
front
0  -0.048148 0.916795 0.395939  0.000000 0.923881 0.382679  0.044829 0.696576 0
0  -0.028207 0.916795 0.395939  0.000000 0.923881 0.382679  0.044829 0.696576 0
0  -0.028207 0.928242 0.368301  0.000000 0.923881 0.382679  0.039145 0.682854 0
front
0  -0.028207 0.916795 0.395939  0.707106 0.623613 0.333328  0.044829 0.696576 0
0  -0.028207 0.838555 0.542315  0.707106 0.623613 0.333328  0.083674 0.769249 0
0  -0.013178 0.818912 0.547180  0.707106 0.623613 0.333328  0.093426 0.771664 0
front
0  -0.048148 0.838555 0.542315  -0.707106 0.623613 0.333329  0.083674 0.769249 0
0  -0.048148 0.916795 0.395939  -0.707106 0.623613 0.333329  0.044829 0.696576 0
0  -0.063178 0.909927 0.376904  -0.707106 0.623613 0.333329  0.048239 0.687126 0
front
0  -0.048148 0.821935 0.567188  0.000000 0.831471 0.555568  0.091925 0.781598 0
0  -0.028207 0.821935 0.567188  0.000000 0.831471 0.555568  0.091925 0.781598 0
0  -0.028207 0.838555 0.542315  0.000000 0.831471 0.555568  0.083674 0.769249 0
front
0  -0.028207 0.821935 0.567188  0.707107 0.546600 0.448584  0.091925 0.781598 0
0  -0.028207 0.716642 0.695489  0.707107 0.546600 0.448584  0.144201 0.845297 0
0  -0.013178 0.696428 0.696428  0.707107 0.546600 0.448584  0.154237 0.845763 0
front
0  -0.048148 0.716642 0.695489  -0.707108 0.546599 0.448583  0.144201 0.845297 0
0  -0.048148 0.821935 0.567188  -0.707108 0.546599 0.448583  0.091925 0.781598 0
0  -0.063178 0.818912 0.547180  -0.707108 0.546599 0.448583  0.093426 0.771664 0
front
0  -0.048148 0.695489 0.716642  0.000000 0.707106 0.707108  0.154703 0.855799 0
0  -0.028207 0.695489 0.716642  0.000000 0.707106 0.707108  0.154703 0.855799 0
0  -0.028207 0.716642 0.695489  0.000000 0.707106 0.707108  0.144201 0.845297 0
front
0  -0.028207 0.695489 0.716642  0.707108 0.448583 0.546600  0.154703 0.855799 0
0  -0.028207 0.567188 0.821935  0.707108 0.448583 0.546600  0.218402 0.908075 0
0  -0.013178 0.547180 0.818912  0.707108 0.448583 0.546600  0.228336 0.906574 0
front
0  -0.048148 0.567188 0.821935  -0.707105 0.448585 0.546602  0.218402 0.908075 0
0  -0.048148 0.695489 0.716642  -0.707105 0.448585 0.546602  0.154703 0.855799 0
0  -0.063178 0.696428 0.696428  -0.707105 0.448585 0.546602  0.154237 0.845763 0
front
0  -0.048148 0.542315 0.838555  0.000000 0.555570 0.831470  0.230751 0.916326 0
0  -0.028207 0.542315 0.838555  0.000000 0.555570 0.831470  0.230751 0.916326 0
0  -0.028207 0.567188 0.821935  0.000000 0.555570 0.831470  0.218402 0.908075 0
front
0  -0.028207 0.542315 0.838555  0.707106 0.333328 0.623614  0.230751 0.916326 0
0  -0.028207 0.395939 0.916795  0.707106 0.333328 0.623614  0.303424 0.955171 0
0  -0.013178 0.376904 0.909927  0.707106 0.333328 0.623614  0.312874 0.951761 0
front
0  -0.048148 0.395939 0.916795  -0.707105 0.333329 0.623614  0.303424 0.955171 0
0  -0.048148 0.542315 0.838555  -0.707105 0.333329 0.623614  0.230751 0.916326 0
0  -0.063178 0.547180 0.818912  -0.707105 0.333329 0.623614  0.228336 0.906574 0
front
0  -0.048148 0.368301 0.928242  0.000000 0.382684 0.923879  0.317146 0.960855 0
0  -0.028207 0.368301 0.928242  0.000000 0.382684 0.923879  0.317146 0.960855 0
0  -0.028207 0.395939 0.916795  0.000000 0.382684 0.923879  0.303424 0.955171 0
front
0  -0.028207 0.368301 0.928242  0.707105 0.205263 0.676661  0.317146 0.960855 0
0  -0.028207 0.209473 0.976422  0.707105 0.205263 0.676661  0.396001 0.984775 0
0  -0.013178 0.192144 0.965973  0.707105 0.205263 0.676661  0.404604 0.979587 0
front
0  -0.048148 0.209473 0.976422  -0.707106 0.205262 0.676660  0.396001 0.984775 0
0  -0.048148 0.368301 0.928242  -0.707106 0.205262 0.676660  0.317146 0.960855 0
0  -0.063178 0.376904 0.909927  -0.707106 0.205262 0.676660  0.312874 0.951761 0
front
0  -0.048148 0.180133 0.982258  0.000000 0.195091 0.980785  0.410567 0.987673 0
0  -0.028207 0.180133 0.982258  0.000000 0.195091 0.980785  0.410567 0.987673 0
0  -0.028207 0.209473 0.976422  0.000000 0.195091 0.980785  0.396001 0.984775 0
front
0  -0.028207 0.180133 0.982258  0.707108 0.069308 0.703700  0.410567 0.987673 0
0  -0.028207 0.014957 0.998527  0.707108 0.069308 0.703700  0.492574 0.995750 0
0  -0.013178 0.000000 0.984897  0.707108 0.069308 0.703700  0.500000 0.988983 0
front
0  -0.048148 0.014957 0.998527  -0.707107 0.069309 0.703701  0.492574 0.995750 0
0  -0.048148 0.180133 0.982258  -0.707107 0.069309 0.703701  0.410567 0.987673 0
0  -0.063178 0.192144 0.965973  -0.707107 0.069309 0.703701  0.404604 0.979587 0
front
0  -0.048148 -0.014957 0.998527  0.000000 0.000000 1.000000  0.507426 0.995750 0
0  -0.028207 -0.014957 0.998527  0.000000 0.000000 1.000000  0.507426 0.995750 0
0  -0.028207 0.014957 0.998527  0.000000 0.000000 1.000000  0.492574 0.995750 0
front
0  -0.028207 -0.014957 0.998527  0.707108 -0.069309 0.703701  0.507426 0.995750 0
0  -0.028207 -0.180133 0.982258  0.707108 -0.069309 0.703701  0.589432 0.987673 0
0  -0.013178 -0.192144 0.965973  0.707108 -0.069309 0.703701  0.595396 0.979587 0
front
0  -0.048148 -0.180133 0.982258  -0.707108 -0.069308 0.703700  0.589432 0.987673 0
0  -0.048148 -0.014957 0.998527  -0.707108 -0.069308 0.703700  0.507426 0.995750 0
0  -0.063178 -0.000000 0.984897  -0.707108 -0.069308 0.703700  0.500000 0.988983 0
front
0  -0.048148 -0.209473 0.976422  0.000000 -0.195092 0.980785  0.603999 0.984775 0
0  -0.028207 -0.209473 0.976422  0.000000 -0.195092 0.980785  0.603999 0.984775 0
0  -0.028207 -0.180133 0.982258  0.000000 -0.195092 0.980785  0.589432 0.987673 0
front
0  -0.028207 -0.209473 0.976422  0.707106 -0.205262 0.676660  0.603999 0.984775 0
0  -0.028207 -0.368301 0.928242  0.707106 -0.205262 0.676660  0.682854 0.960855 0
0  -0.013178 -0.376904 0.909927  0.707106 -0.205262 0.676660  0.687126 0.951761 0
front
0  -0.048148 -0.368301 0.928242  -0.707105 -0.205263 0.676661  0.682854 0.960855 0
0  -0.048148 -0.209473 0.976422  -0.707105 -0.205263 0.676661  0.603999 0.984775 0
0  -0.063178 -0.192144 0.965973  -0.707105 -0.205263 0.676661  0.595396 0.979587 0
front
0  -0.048148 -0.395939 0.916795  0.000000 -0.382684 0.923879  0.696576 0.955171 0
0  -0.028207 -0.395939 0.916795  0.000000 -0.382684 0.923879  0.696576 0.955171 0
0  -0.028207 -0.368301 0.928242  0.000000 -0.382684 0.923879  0.682854 0.960855 0
front
0  -0.028207 -0.395939 0.916795  0.707105 -0.333329 0.623614  0.696576 0.955171 0
0  -0.028207 -0.542315 0.838555  0.707105 -0.333329 0.623614  0.769249 0.916326 0
0  -0.013178 -0.547180 0.818912  0.707105 -0.333329 0.623614  0.771664 0.906574 0
front
0  -0.048148 -0.542315 0.838555  -0.707105 -0.333328 0.623614  0.769249 0.916326 0
0  -0.048148 -0.395939 0.916795  -0.707105 -0.333328 0.623614  0.696576 0.955171 0
0  -0.063178 -0.376904 0.909927  -0.707105 -0.333328 0.623614  0.687126 0.951761 0
front
0  -0.048148 -0.567188 0.821935  0.000000 -0.555569 0.831471  0.781598 0.908075 0
0  -0.028207 -0.567188 0.821935  0.000000 -0.555569 0.831471  0.781598 0.908075 0
0  -0.028207 -0.542315 0.838555  0.000000 -0.555569 0.831471  0.769249 0.916326 0
front
0  -0.028207 -0.567188 0.821935  0.707105 -0.448585 0.546602  0.781598 0.908075 0
0  -0.028207 -0.695489 0.716642  0.707105 -0.448585 0.546602  0.845297 0.855799 0
0  -0.013178 -0.696428 0.696428  0.707105 -0.448585 0.546602  0.845763 0.845763 0
front
0  -0.048148 -0.695489 0.716642  -0.707108 -0.448583 0.546600  0.845297 0.855799 0
0  -0.048148 -0.567188 0.821935  -0.707108 -0.448583 0.546600  0.781598 0.908075 0
0  -0.063178 -0.547180 0.818912  -0.707108 -0.448583 0.546600  0.771664 0.906574 0
front
0  -0.048148 -0.716642 0.695489  0.000000 -0.707107 0.707107  0.855799 0.845297 0
0  -0.028207 -0.716642 0.695489  0.000000 -0.707107 0.707107  0.855799 0.845297 0
0  -0.028207 -0.695489 0.716642  0.000000 -0.707107 0.707107  0.845297 0.855799 0
front
0  -0.028207 -0.716642 0.695489  0.707108 -0.546599 0.448583  0.855799 0.845297 0
0  -0.028207 -0.821935 0.567188  0.707108 -0.546599 0.448583  0.908075 0.781598 0
0  -0.013178 -0.818912 0.547180  0.707108 -0.546599 0.448583  0.906574 0.771664 0
front
0  -0.048148 -0.821935 0.567188  -0.707107 -0.546600 0.448584  0.908075 0.781598 0
0  -0.048148 -0.716642 0.695489  -0.707107 -0.546600 0.448584  0.855799 0.845297 0
0  -0.063178 -0.696428 0.696428  -0.707107 -0.546600 0.448584  0.845763 0.845763 0
front
0  -0.048148 -0.838555 0.542315  0.000000 -0.831471 0.555568  0.916326 0.769249 0
0  -0.028207 -0.838555 0.542315  0.000000 -0.831471 0.555568  0.916326 0.769249 0
0  -0.028207 -0.821935 0.567188  0.000000 -0.831471 0.555568  0.908075 0.781598 0
front
0  -0.028207 -0.838555 0.542315  0.707106 -0.623613 0.333328  0.916326 0.769249 0
0  -0.028207 -0.916795 0.395939  0.707106 -0.623613 0.333328  0.955171 0.696576 0
0  -0.013178 -0.909927 0.376904  0.707106 -0.623613 0.333328  0.951761 0.687126 0
front
0  -0.048148 -0.916795 0.395939  -0.707106 -0.623613 0.333329  0.955171 0.696576 0
0  -0.048148 -0.838555 0.542315  -0.707106 -0.623613 0.333329  0.916326 0.769249 0
0  -0.063178 -0.818912 0.547180  -0.707106 -0.623613 0.333329  0.906574 0.771664 0
front
0  -0.048148 -0.928242 0.368301  0.000000 -0.923879 0.382684  0.960855 0.682854 0
0  -0.028207 -0.928242 0.368301  0.000000 -0.923879 0.382684  0.960855 0.682854 0
0  -0.028207 -0.916795 0.395939  0.000000 -0.923879 0.382684  0.955171 0.696576 0
front
0  -0.028207 -0.928242 0.368301  0.707107 -0.676659 0.205262  0.960855 0.682854 0
0  -0.028207 -0.976422 0.209473  0.707107 -0.676659 0.205262  0.984775 0.603999 0
0  -0.013178 -0.965973 0.192144  0.707107 -0.676659 0.205262  0.979587 0.595396 0
front
0  -0.048148 -0.976422 0.209473  -0.707108 -0.676658 0.205261  0.984775 0.603999 0
0  -0.048148 -0.928242 0.368301  -0.707108 -0.676658 0.205261  0.960855 0.682854 0
0  -0.063178 -0.909927 0.376904  -0.707108 -0.676658 0.205261  0.951761 0.687126 0
front
0  -0.048148 -0.982258 0.180133  0.000000 -0.980785 0.195090  0.987673 0.589432 0
0  -0.028207 -0.982258 0.180133  0.000000 -0.980785 0.195090  0.987673 0.589432 0
0  -0.028207 -0.976422 0.209473  0.000000 -0.980785 0.195090  0.984775 0.603999 0
front
0  -0.028207 -0.982258 0.180133  0.707107 -0.703702 0.069308  0.987673 0.589432 0
0  -0.028208 -0.998527 0.014957  0.707107 -0.703702 0.069308  0.995750 0.507426 0
0  -0.013178 -0.984897 -0.000000  0.707107 -0.703702 0.069308  0.988983 0.500000 0
front
0  -0.048148 -0.998527 0.014957  -0.707108 -0.703701 0.069309  0.995750 0.507426 0
0  -0.048148 -0.982258 0.180133  -0.707108 -0.703701 0.069309  0.987673 0.589432 0
0  -0.063178 -0.965973 0.192144  -0.707108 -0.703701 0.069309  0.979587 0.595396 0
front
0  -0.048148 -0.998527 -0.014957  0.000000 -1.000000 0.000000  0.995750 0.492574 0
0  -0.028208 -0.998527 -0.014957  0.000000 -1.000000 0.000000  0.995750 0.492574 0
0  -0.028208 -0.998527 0.014957  0.000000 -1.000000 0.000000  0.995750 0.507426 0
front
0  -0.028208 -0.998527 -0.014957  0.707108 -0.703701 -0.069309  0.995750 0.492574 0
0  -0.028208 -0.982258 -0.180133  0.707108 -0.703701 -0.069309  0.987673 0.410567 0
0  -0.013178 -0.965973 -0.192144  0.707108 -0.703701 -0.069309  0.979587 0.404604 0
front
0  -0.048148 -0.982258 -0.180133  -0.707107 -0.703702 -0.069308  0.987673 0.410567 0
0  -0.048148 -0.998527 -0.014957  -0.707107 -0.703702 -0.069308  0.995750 0.492574 0
0  -0.063178 -0.984897 0.000000  -0.707107 -0.703702 -0.069308  0.988983 0.500000 0
front
0  -0.048148 -0.976422 -0.209473  0.000000 -0.980784 -0.195096  0.984775 0.396001 0
0  -0.028208 -0.976422 -0.209473  0.000000 -0.980784 -0.195096  0.984775 0.396001 0
0  -0.028208 -0.982258 -0.180133  0.000000 -0.980784 -0.195096  0.987673 0.410567 0
front
0  -0.028208 -0.976422 -0.209473  0.707108 -0.676658 -0.205261  0.984775 0.396001 0
0  -0.028208 -0.928242 -0.368301  0.707108 -0.676658 -0.205261  0.960855 0.317146 0
0  -0.013178 -0.909927 -0.376904  0.707108 -0.676658 -0.205261  0.951761 0.312874 0
front
0  -0.048148 -0.928242 -0.368301  -0.707107 -0.676659 -0.205262  0.960855 0.317146 0
0  -0.048148 -0.976422 -0.209473  -0.707107 -0.676659 -0.205262  0.984775 0.396001 0
0  -0.063178 -0.965973 -0.192144  -0.707107 -0.676659 -0.205262  0.979587 0.404604 0
front
0  -0.048148 -0.916795 -0.395939  0.000000 -0.923881 -0.382680  0.955171 0.303424 0
0  -0.028208 -0.916795 -0.395939  0.000000 -0.923881 -0.382680  0.955171 0.303424 0
0  -0.028208 -0.928242 -0.368301  0.000000 -0.923881 -0.382680  0.960855 0.317146 0
front
0  -0.028208 -0.916795 -0.395939  0.707106 -0.623613 -0.333329  0.955171 0.303424 0
0  -0.028208 -0.838555 -0.542315  0.707106 -0.623613 -0.333329  0.916326 0.230751 0
0  -0.013178 -0.818912 -0.547180  0.707106 -0.623613 -0.333329  0.906574 0.228336 0
front
0  -0.048148 -0.838555 -0.542315  -0.707106 -0.623613 -0.333328  0.916326 0.230751 0
0  -0.048148 -0.916795 -0.395939  -0.707106 -0.623613 -0.333328  0.955171 0.303424 0
0  -0.063178 -0.909927 -0.376904  -0.707106 -0.623613 -0.333328  0.951761 0.312874 0
front
0  -0.048148 -0.821935 -0.567188  0.000000 -0.831470 -0.555569  0.908075 0.218402 0
0  -0.028208 -0.821935 -0.567188  0.000000 -0.831470 -0.555569  0.908075 0.218402 0
0  -0.028208 -0.838555 -0.542315  0.000000 -0.831470 -0.555569  0.916326 0.230751 0
front
0  -0.028208 -0.821935 -0.567188  0.707107 -0.546601 -0.448584  0.908075 0.218402 0
0  -0.028208 -0.716642 -0.695489  0.707107 -0.546601 -0.448584  0.855799 0.154703 0
0  -0.013178 -0.696428 -0.696428  0.707107 -0.546601 -0.448584  0.845763 0.154237 0
front
0  -0.048148 -0.716642 -0.695489  -0.707108 -0.546600 -0.448583  0.855799 0.154703 0
0  -0.048148 -0.821935 -0.567188  -0.707108 -0.546600 -0.448583  0.908075 0.218402 0
0  -0.063178 -0.818912 -0.547180  -0.707108 -0.546600 -0.448583  0.906574 0.228336 0
front
0  -0.048148 -0.695489 -0.716642  0.000000 -0.707106 -0.707108  0.845297 0.144201 0
0  -0.028208 -0.695489 -0.716642  0.000000 -0.707106 -0.707108  0.845297 0.144201 0
0  -0.028208 -0.716642 -0.695489  0.000000 -0.707106 -0.707108  0.855799 0.154703 0
front
0  -0.028208 -0.695489 -0.716642  0.707108 -0.448583 -0.546600  0.845297 0.144201 0
0  -0.028208 -0.567188 -0.821935  0.707108 -0.448583 -0.546600  0.781598 0.091925 0
0  -0.013178 -0.547180 -0.818912  0.707108 -0.448583 -0.546600  0.771664 0.093426 0
front
0  -0.048148 -0.567188 -0.821935  -0.707105 -0.448585 -0.546602  0.781598 0.091925 0
0  -0.048148 -0.695489 -0.716642  -0.707105 -0.448585 -0.546602  0.845297 0.144201 0
0  -0.063178 -0.696428 -0.696428  -0.707105 -0.448585 -0.546602  0.845763 0.154237 0
front
0  -0.048148 -0.542315 -0.838555  0.000000 -0.555570 -0.831470  0.769249 0.083674 0
0  -0.028208 -0.542315 -0.838555  0.000000 -0.555570 -0.831470  0.769249 0.083674 0
0  -0.028208 -0.567188 -0.821935  0.000000 -0.555570 -0.831470  0.781598 0.091925 0
front
0  -0.028208 -0.542315 -0.838555  0.707105 -0.333328 -0.623614  0.769249 0.083674 0
0  -0.028208 -0.395939 -0.916795  0.707105 -0.333328 -0.623614  0.696576 0.044829 0
0  -0.013178 -0.376904 -0.909927  0.707105 -0.333328 -0.623614  0.687126 0.048239 0
front
0  -0.048148 -0.395939 -0.916795  -0.707105 -0.333329 -0.623614  0.696576 0.044829 0
0  -0.048148 -0.542315 -0.838555  -0.707105 -0.333329 -0.623614  0.769249 0.083674 0
0  -0.063178 -0.547180 -0.818912  -0.707105 -0.333329 -0.623614  0.771664 0.093426 0
front
0  -0.048148 -0.368301 -0.928242  0.000000 -0.382684 -0.923880  0.682854 0.039145 0
0  -0.028208 -0.368301 -0.928242  0.000000 -0.382684 -0.923880  0.682854 0.039145 0
0  -0.028208 -0.395939 -0.916795  0.000000 -0.382684 -0.923880  0.696576 0.044829 0
front
0  -0.028208 -0.368301 -0.928242  0.707105 -0.205263 -0.676661  0.682854 0.039145 0
0  -0.028208 -0.209473 -0.976422  0.707105 -0.205263 -0.676661  0.603999 0.015225 0
0  -0.013178 -0.192144 -0.965973  0.707105 -0.205263 -0.676661  0.595396 0.020413 0
front
0  -0.048148 -0.209473 -0.976422  -0.707106 -0.205262 -0.676660  0.603999 0.015225 0
0  -0.048148 -0.368301 -0.928242  -0.707106 -0.205262 -0.676660  0.682854 0.039145 0
0  -0.063178 -0.376904 -0.909927  -0.707106 -0.205262 -0.676660  0.687126 0.048239 0
front
0  -0.048148 -0.180133 -0.982258  0.000000 -0.195091 -0.980785  0.589432 0.012327 0
0  -0.028208 -0.180133 -0.982258  0.000000 -0.195091 -0.980785  0.589432 0.012327 0
0  -0.028208 -0.209473 -0.976422  0.000000 -0.195091 -0.980785  0.603999 0.015225 0
front
0  -0.028208 -0.180133 -0.982258  0.707108 -0.069308 -0.703700  0.589432 0.012327 0
0  -0.028208 -0.014957 -0.998527  0.707108 -0.069308 -0.703700  0.507426 0.004250 0
0  -0.013178 -0.000000 -0.984897  0.707108 -0.069308 -0.703700  0.500000 0.011017 0
front
0  -0.048148 -0.014957 -0.998527  -0.707108 -0.069308 -0.703701  0.507426 0.004250 0
0  -0.048148 -0.180133 -0.982258  -0.707108 -0.069308 -0.703701  0.589432 0.012327 0
0  -0.063178 -0.192144 -0.965973  -0.707108 -0.069308 -0.703701  0.595396 0.020413 0
front
0  -0.048148 0.014957 -0.998527  0.000000 0.000000 -1.000000  0.492574 0.004250 0
0  -0.028208 0.014957 -0.998527  0.000000 0.000000 -1.000000  0.492574 0.004250 0
0  -0.028208 -0.014957 -0.998527  0.000000 0.000000 -1.000000  0.507426 0.004250 0
front
0  -0.028208 0.014957 -0.998527  0.707108 0.069309 -0.703701  0.492574 0.004250 0
0  -0.028208 0.180133 -0.982258  0.707108 0.069309 -0.703701  0.410567 0.012327 0
0  -0.013178 0.192144 -0.965973  0.707108 0.069309 -0.703701  0.404604 0.020413 0
front
0  -0.048148 0.180133 -0.982258  -0.707108 0.069308 -0.703700  0.410567 0.012327 0
0  -0.048148 0.014957 -0.998527  -0.707108 0.069308 -0.703700  0.492574 0.004250 0
0  -0.063178 0.000000 -0.984897  -0.707108 0.069308 -0.703700  0.500000 0.011017 0
front
0  -0.048148 0.209473 -0.976422  0.000000 0.195092 -0.980785  0.396001 0.015225 0
0  -0.028208 0.209473 -0.976422  0.000000 0.195092 -0.980785  0.396001 0.015225 0
0  -0.028208 0.180133 -0.982258  0.000000 0.195092 -0.980785  0.410567 0.012327 0
front
0  -0.028208 0.209473 -0.976422  0.707106 0.205262 -0.676660  0.396001 0.015225 0
0  -0.028208 0.368301 -0.928242  0.707106 0.205262 -0.676660  0.317146 0.039145 0
0  -0.013178 0.376904 -0.909927  0.707106 0.205262 -0.676660  0.312874 0.048239 0
front
0  -0.048148 0.368301 -0.928242  -0.707105 0.205263 -0.676661  0.317146 0.039145 0
0  -0.048148 0.209473 -0.976422  -0.707105 0.205263 -0.676661  0.396001 0.015225 0
0  -0.063178 0.192144 -0.965973  -0.707105 0.205263 -0.676661  0.404604 0.020413 0
front
0  -0.048148 0.395939 -0.916795  0.000000 0.382684 -0.923879  0.303424 0.044829 0
0  -0.028208 0.395939 -0.916795  0.000000 0.382684 -0.923879  0.303424 0.044829 0
0  -0.028208 0.368301 -0.928242  0.000000 0.382684 -0.923879  0.317146 0.039145 0
front
0  -0.028208 0.395939 -0.916795  0.707105 0.333329 -0.623614  0.303424 0.044829 0
0  -0.028208 0.542315 -0.838555  0.707105 0.333329 -0.623614  0.230751 0.083674 0
0  -0.013178 0.547180 -0.818912  0.707105 0.333329 -0.623614  0.228336 0.093426 0
front
0  -0.048148 0.542315 -0.838555  -0.707106 0.333329 -0.623613  0.230751 0.083674 0
0  -0.048148 0.395939 -0.916795  -0.707106 0.333329 -0.623613  0.303424 0.044829 0
0  -0.063178 0.376904 -0.909927  -0.707106 0.333329 -0.623613  0.312874 0.048239 0
front
0  -0.048148 0.567188 -0.821935  0.000000 0.555570 -0.831470  0.218402 0.091925 0
0  -0.028208 0.567188 -0.821935  0.000000 0.555570 -0.831470  0.218402 0.091925 0
0  -0.028208 0.542315 -0.838555  0.000000 0.555570 -0.831470  0.230751 0.083674 0
front
0  -0.028208 0.567188 -0.821935  0.707105 0.448585 -0.546602  0.218402 0.091925 0
0  -0.028208 0.695489 -0.716642  0.707105 0.448585 -0.546602  0.154703 0.144201 0
0  -0.013178 0.696428 -0.696428  0.707105 0.448585 -0.546602  0.154237 0.154237 0
front
0  -0.048148 0.695489 -0.716642  -0.707108 0.448583 -0.546600  0.154703 0.144201 0
0  -0.048148 0.567188 -0.821935  -0.707108 0.448583 -0.546600  0.218402 0.091925 0
0  -0.063178 0.547180 -0.818912  -0.707108 0.448583 -0.546600  0.228336 0.093426 0
front
0  -0.048148 0.716642 -0.695489  0.000000 0.707107 -0.707107  0.144201 0.154703 0
0  -0.028208 0.716642 -0.695489  0.000000 0.707107 -0.707107  0.144201 0.154703 0
0  -0.028208 0.695489 -0.716642  0.000000 0.707107 -0.707107  0.154703 0.144201 0
front
0  -0.028208 0.716642 -0.695489  0.707108 0.546599 -0.448583  0.144201 0.154703 0
0  -0.028208 0.821935 -0.567188  0.707108 0.546599 -0.448583  0.091925 0.218402 0
0  -0.013178 0.818912 -0.547180  0.707108 0.546599 -0.448583  0.093426 0.228336 0
front
0  -0.048148 0.821935 -0.567188  -0.707107 0.546600 -0.448584  0.091925 0.218402 0
0  -0.048148 0.716642 -0.695489  -0.707107 0.546600 -0.448584  0.144201 0.154703 0
0  -0.063178 0.696428 -0.696428  -0.707107 0.546600 -0.448584  0.154237 0.154237 0
front
0  -0.048148 0.838555 -0.542315  0.000000 0.831470 -0.555570  0.083674 0.230751 0
0  -0.028208 0.838555 -0.542315  0.000000 0.831470 -0.555570  0.083674 0.230751 0
0  -0.028208 0.821935 -0.567188  0.000000 0.831470 -0.555570  0.091925 0.218402 0
front
0  -0.028208 0.838555 -0.542315  0.707106 0.623613 -0.333329  0.083674 0.230751 0
0  -0.028208 0.916795 -0.395939  0.707106 0.623613 -0.333329  0.044829 0.303424 0
0  -0.013178 0.909927 -0.376904  0.707106 0.623613 -0.333329  0.048239 0.312874 0
front
0  -0.048148 0.916795 -0.395939  -0.707106 0.623613 -0.333328  0.044829 0.303424 0
0  -0.048148 0.838555 -0.542315  -0.707106 0.623613 -0.333328  0.083674 0.230751 0
0  -0.063178 0.818912 -0.547180  -0.707106 0.623613 -0.333328  0.093426 0.228336 0
front
0  -0.048148 0.928242 -0.368301  0.000000 0.923879 -0.382685  0.039145 0.317146 0
0  -0.028208 0.928242 -0.368301  0.000000 0.923879 -0.382685  0.039145 0.317146 0
0  -0.028208 0.916795 -0.395939  0.000000 0.923879 -0.382685  0.044829 0.303424 0
front
0  -0.028208 0.928242 -0.368301  0.707107 0.676659 -0.205262  0.039145 0.317146 0
0  -0.028208 0.976422 -0.209473  0.707107 0.676659 -0.205262  0.015225 0.396001 0
0  -0.013178 0.965973 -0.192144  0.707107 0.676659 -0.205262  0.020413 0.404604 0
front
0  -0.048148 0.976422 -0.209473  -0.707108 0.676658 -0.205262  0.015225 0.396001 0
0  -0.048148 0.928242 -0.368301  -0.707108 0.676658 -0.205262  0.039145 0.317146 0
0  -0.063178 0.909927 -0.376904  -0.707108 0.676658 -0.205262  0.048239 0.312874 0
front
0  -0.048148 0.982258 -0.180133  0.000000 0.980785 -0.195090  0.012327 0.410567 0
0  -0.028208 0.982258 -0.180133  0.000000 0.980785 -0.195090  0.012327 0.410567 0
0  -0.028208 0.976422 -0.209473  0.000000 0.980785 -0.195090  0.015225 0.396001 0
front
0  -0.028208 0.982258 -0.180133  0.707107 0.703702 -0.069309  0.012327 0.410567 0
0  -0.028208 0.998527 -0.014957  0.707107 0.703702 -0.069309  0.004250 0.492574 0
0  -0.013178 0.984897 -0.000000  0.707107 0.703702 -0.069309  0.011017 0.500000 0
front
0  -0.048148 0.998527 -0.014957  -0.707108 0.703701 -0.069308  0.004250 0.492574 0
0  -0.048148 0.982258 -0.180133  -0.707108 0.703701 -0.069308  0.012327 0.410567 0
0  -0.063178 0.965973 -0.192144  -0.707108 0.703701 -0.069308  0.020413 0.404604 0
back
0  -0.013178 0.965973 -0.192144  1.000000 0.000000 -0.000000  0.703885 0.481833 0
0  -0.013178 0.984897 -0.000000  1.000000 0.000000 -0.000000  0.750000 0.486375 0
0  -0.013178 0.965973 0.192144  1.000000 0.000000 -0.000000  0.796114 0.481833 0
back
0  -0.013178 0.965973 0.192144  1.000000 0.000000 -0.000000  0.796114 0.481833 0
0  -0.013178 0.909927 0.376904  1.000000 0.000000 -0.000000  0.840457 0.468382 0
0  -0.013178 0.818912 0.547180  1.000000 0.000000 -0.000000  0.881323 0.446539 0
back
0  -0.013178 0.818912 0.547180  1.000000 0.000000 -0.000000  0.881323 0.446539 0
0  -0.013178 0.696428 0.696428  1.000000 0.000000 -0.000000  0.917142 0.417143 0
0  -0.013178 0.547180 0.818912  1.000000 0.000000 -0.000000  0.946539 0.381323 0
back
0  -0.013178 0.547180 0.818912  1.000000 -0.000000 -0.000000  0.946539 0.381323 0
0  -0.013178 0.376904 0.909927  1.000000 -0.000000 -0.000000  0.968382 0.340457 0
0  -0.013178 0.192144 0.965973  1.000000 -0.000000 -0.000000  0.981833 0.296114 0
back
0  -0.013178 0.192144 0.965973  1.000000 0.000000 -0.000000  0.981833 0.296114 0
0  -0.013178 0.000000 0.984897  1.000000 0.000000 -0.000000  0.986375 0.250000 0
0  -0.013178 -0.192144 0.965973  1.000000 0.000000 -0.000000  0.981833 0.203885 0
back
0  -0.013178 -0.192144 0.965973  1.000000 0.000000 -0.000000  0.981833 0.203885 0
0  -0.013178 -0.376904 0.909927  1.000000 0.000000 -0.000000  0.968382 0.159543 0
0  -0.013178 -0.547180 0.818912  1.000000 0.000000 -0.000000  0.946539 0.118677 0
back
0  -0.013178 -0.547180 0.818912  1.000000 0.000000 -0.000000  0.946539 0.118677 0
0  -0.013178 -0.696428 0.696428  1.000000 0.000000 -0.000000  0.917143 0.082857 0
0  -0.013178 -0.818912 0.547180  1.000000 0.000000 -0.000000  0.881323 0.053461 0
back
0  -0.013178 -0.818912 0.547180  1.000000 -0.000000 -0.000000  0.881323 0.053461 0
0  -0.013178 -0.909927 0.376904  1.000000 -0.000000 -0.000000  0.840457 0.031618 0
0  -0.013178 -0.965973 0.192144  1.000000 -0.000000 -0.000000  0.796115 0.018167 0
back
0  -0.013178 -0.965973 0.192144  1.000000 -0.000000 -0.000000  0.796115 0.018167 0
0  -0.013178 -0.984897 -0.000000  1.000000 -0.000000 -0.000000  0.750000 0.013625 0
0  -0.013178 -0.965973 -0.192144  1.000000 -0.000000 -0.000000  0.703885 0.018167 0
back
0  -0.013178 -0.965973 -0.192144  1.000000 0.000000 -0.000000  0.703885 0.018167 0
0  -0.013178 -0.909927 -0.376904  1.000000 0.000000 -0.000000  0.659543 0.031618 0
0  -0.013178 -0.818912 -0.547180  1.000000 0.000000 -0.000000  0.618677 0.053461 0
back
0  -0.013178 -0.818912 -0.547180  1.000000 -0.000000 -0.000000  0.618677 0.053461 0
0  -0.013178 -0.696428 -0.696428  1.000000 -0.000000 -0.000000  0.582857 0.082857 0
0  -0.013178 -0.547180 -0.818912  1.000000 -0.000000 -0.000000  0.553461 0.118677 0
back
0  -0.013178 -0.547180 -0.818912  1.000000 -0.000000 -0.000000  0.553461 0.118677 0
0  -0.013178 -0.376904 -0.909927  1.000000 -0.000000 -0.000000  0.531618 0.159543 0
0  -0.013178 -0.192144 -0.965973  1.000000 -0.000000 -0.000000  0.518166 0.203885 0
back
0  -0.013178 -0.192144 -0.965973  1.000000 0.000000 -0.000000  0.518166 0.203885 0
0  -0.013178 -0.000000 -0.984897  1.000000 0.000000 -0.000000  0.513625 0.250000 0
0  -0.013178 0.192144 -0.965973  1.000000 0.000000 -0.000000  0.518166 0.296115 0
back
0  -0.013178 0.192144 -0.965973  1.000000 0.000000 -0.000000  0.518166 0.296115 0
0  -0.013178 0.376904 -0.909927  1.000000 0.000000 -0.000000  0.531618 0.340457 0
0  -0.013178 0.547180 -0.818912  1.000000 0.000000 -0.000000  0.553461 0.381323 0
back
0  -0.013178 0.547180 -0.818912  1.000000 0.000000 -0.000000  0.553461 0.381323 0
0  -0.013178 0.696428 -0.696428  1.000000 0.000000 -0.000000  0.582857 0.417143 0
0  -0.013178 0.818912 -0.547180  1.000000 0.000000 -0.000000  0.618677 0.446539 0
back
0  -0.013178 0.818912 -0.547180  1.000000 0.000000 -0.000000  0.618677 0.446539 0
0  -0.013178 0.909927 -0.376904  1.000000 0.000000 -0.000000  0.659543 0.468382 0
0  -0.013178 0.965973 -0.192144  1.000000 0.000000 -0.000000  0.703885 0.481833 0
back
0  -0.013178 0.965973 -0.192144  1.000000 -0.000000 -0.000000  0.703885 0.481833 0
0  -0.013178 0.965973 0.192144  1.000000 -0.000000 -0.000000  0.796114 0.481833 0
0  -0.013178 0.818912 0.547180  1.000000 -0.000000 -0.000000  0.881323 0.446539 0
back
0  -0.013178 0.818912 0.547180  1.000000 0.000000 -0.000000  0.881323 0.446539 0
0  -0.013178 0.547180 0.818912  1.000000 0.000000 -0.000000  0.946539 0.381323 0
0  -0.013178 0.965973 -0.192144  1.000000 0.000000 -0.000000  0.703885 0.481833 0
back
0  -0.013178 0.547180 0.818912  1.000000 0.000000 -0.000000  0.946539 0.381323 0
0  -0.013178 0.192144 0.965973  1.000000 0.000000 -0.000000  0.981833 0.296114 0
0  -0.013178 0.965973 -0.192144  1.000000 0.000000 -0.000000  0.703885 0.481833 0
back
0  -0.013178 0.192144 0.965973  1.000000 0.000000 -0.000000  0.981833 0.296114 0
0  -0.013178 -0.192144 0.965973  1.000000 0.000000 -0.000000  0.981833 0.203885 0
0  -0.013178 -0.547180 0.818912  1.000000 0.000000 -0.000000  0.946539 0.118677 0
back
0  -0.013178 -0.547180 0.818912  1.000000 0.000000 -0.000000  0.946539 0.118677 0
0  -0.013178 -0.818912 0.547180  1.000000 0.000000 -0.000000  0.881323 0.053461 0
0  -0.013178 0.192144 0.965973  1.000000 0.000000 -0.000000  0.981833 0.296114 0
back
0  -0.013178 -0.818912 0.547180  1.000000 0.000000 -0.000000  0.881323 0.053461 0
0  -0.013178 -0.965973 0.192144  1.000000 0.000000 -0.000000  0.796115 0.018167 0
0  -0.013178 0.192144 0.965973  1.000000 0.000000 -0.000000  0.981833 0.296114 0
back
0  -0.013178 -0.965973 0.192144  1.000000 0.000000 -0.000000  0.796115 0.018167 0
0  -0.013178 -0.965973 -0.192144  1.000000 0.000000 -0.000000  0.703885 0.018167 0
0  -0.013178 -0.818912 -0.547180  1.000000 0.000000 -0.000000  0.618677 0.053461 0
back
0  -0.013178 -0.818912 -0.547180  1.000000 0.000000 -0.000000  0.618677 0.053461 0
0  -0.013178 -0.547180 -0.818912  1.000000 0.000000 -0.000000  0.553461 0.118677 0
0  -0.013178 -0.965973 0.192144  1.000000 0.000000 -0.000000  0.796115 0.018167 0
back
0  -0.013178 -0.547180 -0.818912  1.000000 -0.000000 -0.000000  0.553461 0.118677 0
0  -0.013178 -0.192144 -0.965973  1.000000 -0.000000 -0.000000  0.518166 0.203885 0
0  -0.013178 -0.965973 0.192144  1.000000 -0.000000 -0.000000  0.796115 0.018167 0
back
0  -0.013178 -0.192144 -0.965973  1.000000 0.000000 -0.000000  0.518166 0.203885 0
0  -0.013178 0.192144 -0.965973  1.000000 0.000000 -0.000000  0.518166 0.296115 0
0  -0.013178 0.547180 -0.818912  1.000000 0.000000 -0.000000  0.553461 0.381323 0
back
0  -0.013178 0.547180 -0.818912  1.000000 0.000000 -0.000000  0.553461 0.381323 0
0  -0.013178 0.818912 -0.547180  1.000000 0.000000 -0.000000  0.618677 0.446539 0
0  -0.013178 -0.192144 -0.965973  1.000000 0.000000 -0.000000  0.518166 0.203885 0
back
0  -0.013178 0.818912 -0.547180  1.000000 -0.000000 -0.000000  0.618677 0.446539 0
0  -0.013178 0.965973 -0.192144  1.000000 -0.000000 -0.000000  0.703885 0.481833 0
0  -0.013178 -0.192144 -0.965973  1.000000 -0.000000 -0.000000  0.518166 0.203885 0
back
0  -0.013178 0.965973 -0.192144  1.000000 0.000000 -0.000000  0.703885 0.481833 0
0  -0.013178 0.192144 0.965973  1.000000 0.000000 -0.000000  0.981833 0.296114 0
0  -0.013178 -0.965973 0.192144  1.000000 0.000000 -0.000000  0.796115 0.018167 0
end
